CEO,Yes,http://www.reddit.com/r/JakeAndAmirScripts/comments/19vlky/jake_and_amir_ceo/,, ImAmirBlumenfeld,
Pictionary,Yes,http://www.reddit.com/r/JakeAndAmirScripts/comments/1b73cw/jake_and_amir_pictionary/,, ShinRaElectricPower,
Ice Cream Break,Yes,http://www.reddit.com/r/JakeAndAmirScripts/comments/19zhqj/jake_and_amir_ice_cream_break/,, spk365,
Screenplay,Yes,http://www.reddit.com/r/JakeAndAmirScripts/comments/19yy0e/jake_and_amir_screenplay/,, spk365,
Auto Tune The News,Yes,http://www.reddit.com/r/JakeAndAmirScripts/comments/1beu22/jake_and_amir_auto_tune_the_news/,,[DELETED],
Book,Yes,http://www.reddit.com/r/JakeAndAmirScripts/comments/1bcl86/jake_and_amir_book/,,[DELETED],
Master Cleanse,Yes,http://www.reddit.com/r/JakeAndAmirScripts/comments/19vxk6/jake_and_amir_master_cleanse/,,[deleted],
Would You Rather?,Yes,http://www.reddit.com/r/JakeAndAmirScripts/comments/19wnv2/jake_and_amir_would_you_rather/,,9TKitsune,
Hallie Part III,Yes,http://www.reddit.com/r/JakeAndAmirScripts/comments/1b745y/jake_and_amir_hallie_part_lll/,,Abdi456002,
Work Less (BACARDI),Yes,http://www.reddit.com/r/JakeAndAmirScripts/comments/1b783e/jake_and_amir_work_less_barcadi/,,Abdi456002,
Ace and Jocelyn Shirt,Yes,http://www.reddit.com/r/JakeAndAmirScripts/comments/1bm310/ace_and_jocelyn_shirt/,,ablueberrymuffin,#DIV/0!
Bagels,Yes,http://www.reddit.com/r/JakeAndAmirScripts/comments/19y418/bagels/,,agroPDX,
Work Out Clothes,Yes,http://www.reddit.com/r/JakeAndAmirScripts/comments/19w9s5/work_out_clothes/,,agroPDX,
Hebrew,Yes,http://www.reddit.com/r/JakeAndAmirScripts/comments/1b8tmc/jake_and_amir_hebrew/,,ajblock,
Table Read,Yes,http://www.reddit.com/r/JakeAndAmirScripts/comments/1a76aq/jake_and_amir_table_read/,,AlexMathison,
Ice Breaker[s],Yes,http://www.reddit.com/r/JakeAndAmirScripts/comments/1b7jv1/jake_and_amir_ice_breakers/,,alliteratorsalmanac,
Advice,Yes,http://www.reddit.com/r/JakeAndAmirScripts/comments/1a66if/jake_and_amir_advice/,,andersminor,
Bathroom,Yes,http://www.reddit.com/r/JakeAndAmirScripts/comments/1a8tk8/jake_and_amir_bathroom/,,andersminor,
Blood Brothers,Yes,http://www.reddit.com/r/JakeAndAmirScripts/comments/1a4c1q/jake_and_amir_blood_brothers/,,andersminor,
Britney,Yes,http://www.reddit.com/r/JakeAndAmirScripts/comments/1a55dm/jake_and_amir_britney/,,andersminor,
Camera,Yes,http://www.reddit.com/r/JakeAndAmirScripts/comments/19xylw/jake_and_amir_camera/,,andersminor,
Cheryl (Starring Allison Williams),Yes,http://www.reddit.com/r/JakeAndAmirScripts/comments/19yduo/jake_and_amir_cheryl/,,andersminor,
Dinner,Yes,http://www.reddit.com/r/JakeAndAmirScripts/comments/19yery/jake_and_amir_dinner/,,andersminor,
Editing,Yes,http://www.reddit.com/r/JakeAndAmirScripts/comments/19yi84/jake_and_amir_editing/,,andersminor,
Florida,Yes,http://www.reddit.com/r/JakeAndAmirScripts/comments/1aa3xn/jake_and_amir_florida/,,andersminor,
Florida Pt. II (Plane Ride),Yes,http://www.reddit.com/r/JakeAndAmirScripts/comments/1aa4qi/jake_and_amir_florida_pt_2_plane_ride/,,andersminor,
Guitar Hero [Maria Sansone],Yes,http://www.reddit.com/r/JakeAndAmirScripts/comments/1a8qbn/jake_and_amir_guitar_hero/,,andersminor,
Hop To It,Yes,http://www.reddit.com/r/JakeAndAmirScripts/comments/1a9c9x/jake_and_amir_hop_to_it/,,andersminor,
Jacket,Yes,http://www.reddit.com/r/JakeAndAmirScripts/comments/1a7mgt/jake_and_amir_jacket/,,andersminor,
Jake.,Yes,http://www.reddit.com/r/JakeAndAmirScripts/comments/1a8ypj/jake_and_amir_jake/,,andersminor,
Long Distance,Yes,http://www.reddit.com/r/JakeAndAmirScripts/comments/1a576r/jake_and_amir_long_distance/,,andersminor,
Lunchtime,Yes,http://www.reddit.com/r/JakeAndAmirScripts/comments/1a3ykb/jake_and_amir_lunchtime/,,andersminor,
Mom,Yes,http://www.reddit.com/r/JakeAndAmirScripts/comments/19znme/jake_and_amir_mom/,,andersminor,
Office Tour,Yes,http://www.reddit.com/r/JakeAndAmirScripts/comments/1a7n9u/jake_and_amir_office_tour/,,andersminor,
Osama,Yes,http://www.reddit.com/r/JakeAndAmirScripts/comments/19yadz/jake_and_amir_osama/,,andersminor,
Performance Evaluation,Yes,http://www.reddit.com/r/JakeAndAmirScripts/comments/1a1xq2/jake_and_amir_performance_evaluation/,,andersminor,
Restaurant,Yes,http://www.reddit.com/r/JakeAndAmirScripts/comments/1a922q/jake_and_amir_restaurant/,,andersminor,
Shred,Yes,http://www.reddit.com/r/JakeAndAmirScripts/comments/1a4eaq/jake_and_amir_shred/,,andersminor,
Singing,Yes,http://www.reddit.com/r/JakeAndAmirScripts/comments/19z80i/jake_and_amir_singing/,,andersminor,
Song,Yes,http://www.reddit.com/r/JakeAndAmirScripts/comments/19yjbc/jake_and_amir_song/,,andersminor,
Thanksgiving,Yes,http://www.reddit.com/r/JakeAndAmirScripts/comments/1a8r57/jake_and_amir_thanksgiving/,,andersminor,
Vending Machine,Yes,http://www.reddit.com/r/JakeAndAmirScripts/comments/19w08z/jake_and_amir_vending_machine/,,andersminor,
World Cup,Yes,http://www.reddit.com/r/JakeAndAmirScripts/comments/19vy12/jake_and_amir_world_cup/,,andersminor,
Explanation,Yes,http://www.reddit.com/r/JakeAndAmirScripts/comments/19w3js/jake_and_amir_explanation/,,anned125,
Guitar Shopping,Yes,http://www.reddit.com/r/JakeAndAmirScripts/comments/19w636/jake_and_amir_guitar_shopping/,,anned125,
Impersonation,Yes,http://www.reddit.com/r/JakeAndAmirScripts/comments/19w7xy/jake_and_amir_impersonation/,,anned125,
March Madness,Yes,http://www.reddit.com/r/JakeAndAmirScripts/comments/19y9mh/jake_and_amir_march_madness/,,anned125,
March Madness Part 5 (Our 500th Video!),Yes,http://www.reddit.com/r/JakeAndAmirScripts/comments/19y855/jake_and_amir_march_madness_part_5/,,anned125,
Settlers of Catan,Yes,http://www.reddit.com/r/JakeAndAmirScripts/comments/19y649/jake_and_amir_jake_and_amir_and_catan/,,anned125,
Thoughts,Yes,http://www.reddit.com/r/JakeAndAmirScripts/comments/19y9lx/jake_and_amir_thoughts/,,anned125,
Disease,Yes,http://www.reddit.com/r/JakeAndAmirScripts/comments/1be40z/jake_and_amir_disease_transcript/,,aveman55,
Hurricane Charity,Yes,http://www.reddit.com/r/JakeAndAmirScripts/comments/19y1tb/jake_and_amir_hurricane_charity/,,awbolt,
Oscar Pool,Yes,http://www.reddit.com/r/JakeAndAmirScripts/comments/19yv3b/jake_and_amir_oscar_pool/,,awbolt,
Rap Teacher Part 3 (with Hoodie Allen),Yes,http://www.reddit.com/r/JakeAndAmirScripts/comments/19y5pd/jake_and_amir_rap_teacher_3_feat_hoodie_allen/,,awbolt,
Important Meeting,Yes,http://www.reddit.com/r/JakeAndAmirScripts/comments/1a0oru/jake_and_amir_important_meeting/,,b0sw0rth,
Rap Teacher (With Hoodie Allen),Yes,http://www.reddit.com/r/JakeAndAmirScripts/comments/19n0id/jake_and_amir_rap_teacher/,,bapsteks,
Baby,Yes,http://www.reddit.com/r/JakeAndAmirScripts/comments/19wil0/jake_and_amir_baby/,,barnett880197,
Election,Yes,http://www.reddit.com/r/JakeAndAmirScripts/comments/19vn19/jake_and_amir_election/,,barnett880197,
Muffin,Yes,http://www.reddit.com/r/JakeAndAmirScripts/comments/19vwqz/jake_and_amir_muffin/,,barnett880197,
Reddit,Yes,http://www.reddit.com/r/JakeAndAmirScripts/comments/19lhlw/jake_and_amir_reddit_transcription/,,BenMcNiel,
Carbs,Yes,http://www.reddit.com/r/JakeAndAmirScripts/comments/19vmrb/jake_and_amir_carbs/,,bernardaranguren,
Amir's Haircut,Yes,http://www.reddit.com/r/JakeAndAmirScripts/comments/1b80ot/jake_and_amir_amirs_haircut/,,billycrombie,
Voicemail,Yes,http://www.reddit.com/r/JakeAndAmirScripts/comments/1bgldx/jake_and_amir_voicemail/,,blink-181,
Chin Strap Beard,Yes,http://www.reddit.com/r/JakeAndAmirScripts/comments/19vnmo/jake_and_amir_chin_strap_beard/,,bosnian13,
Economic Crisis,Yes,http://www.reddit.com/r/JakeAndAmirScripts/comments/1a05oq/jake_and_amir_economic_crisis/,,bowzee,
Split Pea Soup,Yes,http://www.reddit.com/r/JakeAndAmirScripts/comments/19xmyv/jake_and_amir_split_pea_soup/,,bpcloe,
Ace and Jocelyn - Episode 4,Yes,http://www.reddit.com/r/JakeAndAmirScripts/comments/1bdpop/ace_and_jocelyn_episode_4/,,brianmcclane,699
Cereal,Yes,http://www.reddit.com/r/JakeAndAmirScripts/comments/19vsjg/jake_and_amir_cereal/,,bs22343,
Cereal Part 2,Yes,http://www.reddit.com/r/JakeAndAmirScripts/comments/19vybr/jake_and_amir_cereal_part_2/,,bs22343,
Chugging,Yes,http://www.reddit.com/r/JakeAndAmirScripts/comments/19w0z3/jake_and_amir_chugging/,,bs22343,
Notified,Yes,http://www.reddit.com/r/JakeAndAmirScripts/comments/1as17o/jake_and_amir_notified/,,bs22343,
Snakebite,Yes,http://www.reddit.com/r/JakeAndAmirScripts/comments/19vqjz/jake_and_amir_snakebite/,,bs22343,
Doobs,Yes,http://www.reddit.com/r/JakeAndAmirScripts/comments/19vpet/doobs/,,burgerdog,
Blowing Up,Yes,http://www.reddit.com/r/JakeAndAmirScripts/comments/19yag2/jake_and_amir_blowing_up/,,CandidatusSum,
Hilary,Yes,http://www.reddit.com/r/JakeAndAmirScripts/comments/1a0n8c/jake_and_amir_hilary/,,CandidatusSum,
Movie Date 2 (with Ben Schwartz and Thomas Middleditch),Yes,http://www.reddit.com/r/JakeAndAmirScripts/comments/1a794b/jake_and_amir_movie_date_2_with_ben_schwartz_and/,,CandidatusSum,
Private Eye (Part I) - Starring Ben Schwartz,Yes,http://www.reddit.com/r/JakeAndAmirScripts/comments/1a0lal/jake_and_amir_private_eye_part_i_starring_ben/,,CandidatusSum,
Nose Job,Yes,http://www.reddit.com/r/JakeAndAmirScripts/comments/1njr2y/jake_and_amir_nose_job/,,CandidatusSum,
Relocation,Yes,http://www.reddit.com/r/JakeAndAmirScripts/comments/1t4igp/jake_and_amir_relocation/,,CandidatusSum,
Road Trip Part 7 (The End),Yes,http://www.reddit.com/r/JakeAndAmirScripts/comments/1ybfiu/jake_and_amir_road_trip_part_7_the_end/,,CandidatusSum,
Finale Part 2: Ben Schwartz (w/ Ben Schwartz),Yes,http://www.reddit.com/r/JakeAndAmirScripts/comments/2x2omg/jake_and_amir_finale_part_2_ben_schwartz/,,CandidatusSum,
Ex-Girlfriend,Yes,http://www.reddit.com/r/JakeAndAmirScripts/comments/1b7fxn/jake_and_amir_ex_girlfriend/,,cassialamphier,
Dog,Yes,http://www.reddit.com/r/JakeAndAmirScripts/comments/19vucw/jake_and_amir_dog/,,cgillet,
Florida Pt. IV (Puzzle),Yes,http://www.reddit.com/r/JakeAndAmirScripts/comments/1b9fxy/jake_and_amir_florida_pt_iv_puzzle/,,chikabaum,
April Fool,Yes,http://www.reddit.com/r/JakeAndAmirScripts/comments/19wgcd/jake_and_amir_april_fool/,,ChilIdude22,
Friend Quiz,Yes,http://www.reddit.com/r/JakeAndAmirScripts/comments/19wbkc/jake_and_amir_bff/,,chilIdude22,
Laundry,Yes,http://www.reddit.com/r/JakeAndAmirScripts/comments/19yms5/jake_and_amir_laundry/,,ChilIdude22,
Fashion Tips,Yes,http://www.reddit.com/r/JakeAndAmirScripts/comments/19vr5c/jake_and_amir_fashion_tips/,,Chloe97,
Proverbs,Yes,http://www.reddit.com/r/JakeAndAmirScripts/comments/19vtjh/proverbs/,,cllaadd36,
Evicted,Yes,http://www.reddit.com/r/JakeAndAmirScripts/comments/19wavb/evicted/,,cmasc89,
YouTube,Yes,http://www.reddit.com/r/JakeAndAmirScripts/comments/1b7i5k/jake_and_amir_youtube/,,cockmeatsandwichez,
Puppet Part 2,Yes,http://www.reddit.com/r/JakeAndAmirScripts/comments/1bk1iu/jake_and_amir_puppet_part_2/,,cshackleton49,
Facebook Privacy,Yes,http://www.reddit.com/r/JakeAndAmirScripts/comments/19xxzz/jake_and_amir_facebook_privacy/,,cygnus11,
Break a Leg,Yes,http://www.reddit.com/r/JakeAndAmirScripts/comments/19ym8g/jake_and_amir_break_a_leg/,,DanTreader,
For the Wolf,Yes,http://www.reddit.com/r/JakeAndAmirScripts/comments/19wlin/jake_and_amir_for_the_wolf/,,DanTreader,
Sickly,Yes,http://www.reddit.com/r/JakeAndAmirScripts/comments/19yl2h/jake_and_amir_sickly/,,DanTreader,
Thai Menu,Yes,http://www.reddit.com/r/JakeAndAmirScripts/comments/19wncn/jake_and_amir_thai_menu/,,DanTreader,
Charades (BACARDI),Yes,http://www.reddit.com/r/JakeAndAmirScripts/comments/1bjyjv/jake_and_amir_bacardi_charades/,,darrendundee22,
Jake's Computer,Yes,http://www.reddit.com/r/JakeAndAmirScripts/comments/1b80pe/jake_and_amir_jakes_computer/,,deer_in_tail_lights,
Jake's Cousin,Yes,http://www.reddit.com/r/JakeAndAmirScripts/comments/1b8ggh/jake_and_amir_jakes_cousin/,,deer_in_tail_lights,
Let Me In,Yes,http://www.reddit.com/r/JakeAndAmirScripts/comments/1b89nv/jake_and_amir_let_me_in/,,deer_in_tail_lights,
Scissors,Yes,http://www.reddit.com/r/JakeAndAmirScripts/comments/1b7qnc/jake_and_amir_scissors/,,deer_in_tail_lights,
Set Up,Yes,http://www.reddit.com/r/JakeAndAmirScripts/comments/1b8f01/jake_and_amir_set_up/,,deer_in_tail_lights,
Suggestion Box,Yes,http://www.reddit.com/r/JakeAndAmirScripts/comments/19wxt2/suggestion_box/,,DoberFrann,
Sandwich Email,Yes,http://www.reddit.com/r/JakeAndAmirScripts/comments/19z0df/sandwich_email/,,DrStevesMagicDrink,
"50,000 Facebook Fans Thank You Video",Yes,http://www.reddit.com/r/JakeAndAmirScripts/comments/1a09j3/50000_facebook_fans_thank_you_video/,,dylanmacd,# episodes remaining
Bathroom Break,Yes,http://www.reddit.com/r/JakeAndAmirScripts/comments/19z585/jake_and_amir_bathroom_break/,,dylanmacd,
Bucket List,Yes,http://www.reddit.com/r/JakeAndAmirScripts/comments/19melz/jake_and_amir_bucket_list/,,dylanmacd,
Cologne,Yes,http://www.reddit.com/r/JakeAndAmirScripts/comments/19zajy/jake_and_amir_cologne/,,dylanmacd,
Date Ideas,Yes,http://www.reddit.com/r/JakeAndAmirScripts/comments/19lzq4/jake_and_amir_date_ideas/,,dylanmacd,
Hygiene,Yes,http://www.reddit.com/r/JakeAndAmirScripts/comments/19r35w/jake_and_amir_hygiene/,,dylanmacd,
I.O.U.,Yes,http://www.reddit.com/r/JakeAndAmirScripts/comments/19r7ct/jake_and_amir_iou/,,dylanmacd,
Jordan,Yes,http://www.reddit.com/r/JakeAndAmirScripts/comments/1a5ddp/jake_and_amir_jordan/,,dylanmacd,
Monopoly,Yes,http://www.reddit.com/r/JakeAndAmirScripts/comments/19oguo/jake_and_amir_monopoly/,,dylanmacd,
Mother's Day,Yes,http://www.reddit.com/r/JakeAndAmirScripts/comments/1a6rlp/jake_and_amir_mothers_day/,,dylanmacd,
Photographs,Yes,http://www.reddit.com/r/JakeAndAmirScripts/comments/1a5lcn/jake_and_amir_photographs/,,dylanmacd,
Powder,Yes,http://www.reddit.com/r/JakeAndAmirScripts/comments/1hqakh/jake_and_amir_powder/,,dylanmacd,
The Music Box,Yes,http://www.reddit.com/r/JakeAndAmirScripts/comments/19m99a/jake_and_amir_the_music_box/,,dylanmacd,
Ticklish,Yes,http://www.reddit.com/r/JakeAndAmirScripts/comments/1a5jsq/jake_and_amir_ticklish/,,dylanmacd,
Rick Fox 3,Yes,http://www.reddit.com/r/JakeAndAmirScripts/comments/19vsce/jake_and_amir_rick_fox_3/,,EggSalad69,
Teasing,Yes,http://www.reddit.com/r/JakeAndAmirScripts/comments/19z2xg/jake_and_amir_teasing/,,Ehecod,
Ace and Jocelyn - Episode 5,Yes,http://www.reddit.com/r/JakeAndAmirScripts/comments/1b7muq/ace_and_jocelyn_episode_5/,,ekajso,
Dad,Yes,http://www.reddit.com/r/JakeAndAmirScripts/comments/1b8y4r/dad/,,ekajso,
Economic Crisis 2,Yes,http://www.reddit.com/r/JakeAndAmirScripts/comments/1blfwn/jake_and_amir_economic_crisis_2/,,emkoirl,
Come Again,Yes,http://www.reddit.com/r/JakeAndAmirScripts/comments/1a1m7e/jake_and_amir_come_again/,,emmargbrown,
Sandwich,Yes,http://www.reddit.com/r/JakeAndAmirScripts/comments/1a6uky/jake_and_amir_sandwich/,,emmargbrown,
Shaving,Yes,http://www.reddit.com/r/JakeAndAmirScripts/comments/19vyjx/jake_and_amir_shaving/,,emmargbrown,
Wallet,Yes,http://www.reddit.com/r/JakeAndAmirScripts/comments/1a4qoj/jake_and_amir_wallet/,,emmargbrown,
Jake's New Shirt,Yes,http://www.reddit.com/r/JakeAndAmirScripts/comments/1bpomv/jake_and_amir_jakes_new_shirt/,,erisloane,
Tiny Wings,Yes,http://www.reddit.com/r/JakeAndAmirScripts/comments/1cyspl/42313_tiny_wings/,,Ethanhekker,
30 Second Debate,Yes,http://www.reddit.com/r/JakeAndAmirScripts/comments/19nc67/070507_30_second_debate/,,ethteck,
Cookies,Yes,http://www.reddit.com/r/JakeAndAmirScripts/comments/19ng20/070710_cookies_hardly_working_cookies/,,ethteck,
Rapping,Yes,http://www.reddit.com/r/JakeAndAmirScripts/comments/19wti5/jake_and_amir_rapping/,,evaisastar,
Brownie,Yes,http://www.reddit.com/r/JakeAndAmirScripts/comments/1b7019/jake_and_amir_brownie/,,flabmil,
Candy,Yes,http://www.reddit.com/r/JakeAndAmirScripts/comments/1bi9pa/jake_and_amir_candy/,,Fno1,
Favor,Yes,http://www.reddit.com/r/JakeAndAmirScripts/comments/1bn4n2/jake_and_amir_favor/,,Fno1,
Girlfriend Pt. 7 (The Decision),Yes,http://www.reddit.com/r/JakeAndAmirScripts/comments/1bi64g/jake_and_amir_girlfriend_part_7_the_decision/,,Fno1,
Mark and Karen,Yes,http://www.reddit.com/r/JakeAndAmirScripts/comments/1bpvmf/jake_and_amir_mark_and_karen/,,Fno1,
Mime,Yes,http://www.reddit.com/r/JakeAndAmirScripts/comments/19w3t2/jake_and_amir_mime/,,Fno1,
Niece,Yes,http://www.reddit.com/r/JakeAndAmirScripts/comments/1bw04k/jake_and_amir_niece/,,Fno1,
Video Chat,Yes,http://www.reddit.com/r/JakeAndAmirScripts/comments/1bkipn/jake_and_amir_video_chat/,,Fno1,
Gross Websites,Yes,http://www.reddit.com/r/JakeAndAmirScripts/comments/19w3eu/jake_and_amir_gross_websites/,,FrancisDSOwen,
Hallie Part I,Yes,http://www.reddit.com/r/JakeAndAmirScripts/comments/19y6b6/hallie_part_1/,,FrancisDSOwen,
Hallie Part II,Yes,http://www.reddit.com/r/JakeAndAmirScripts/comments/19y7n1/hallie_part_2/,,FrancisDSOwen,
Hallie Part IV - Ace and Jocelyn Episode 6,Yes,http://www.reddit.com/r/JakeAndAmirScripts/comments/1b76s5/hallie_part_iv_ace_and_jocelyn_part_6/,,FrancisDSOwen,
Lunch,Yes,http://www.reddit.com/r/JakeAndAmirScripts/comments/1bq95n/jake_and_amir_lunch/,,ftwforthewolf,
4th of July Scroll,Yes,http://www.reddit.com/r/JakeAndAmirScripts/comments/1hirr5/jake_and_amir_4th_of_july_scroll/,,fwavoy,
Ace and Jocelyn Episode 9,Yes,http://www.reddit.com/r/JakeAndAmirScripts/comments/1b6r8i/jake_and_amir_ace_and_jocelyn_episode_9/,,fwavoy,% DONE
Barbershot Quartet,Yes,http://www.reddit.com/r/JakeAndAmirScripts/comments/1b6xmx/jake_and_amir_barbershop_quartet/,,fwavoy,
Braces,Yes,http://www.reddit.com/r/JakeAndAmirScripts/comments/1atpnn/jake_and_amir_braces/,,fwavoy,
Choking,Yes,http://www.reddit.com/r/JakeAndAmirScripts/comments/1b7fnq/jake_and_amir_choking/,,fwavoy,
Citizen's Arrest,Yes,http://www.reddit.com/r/JakeAndAmirScripts/comments/1h1wyo/jake_and_amir_citizens_arrest/,,fwavoy,
Dinner Joke,Yes,http://www.reddit.com/r/JakeAndAmirScripts/comments/1b6uxn/jake_and_amir_dinner_joke/,,fwavoy,
Double Date Pt. 2,Yes,http://www.reddit.com/r/JakeAndAmirScripts/comments/1b787r/jake_and_amir_double_date_part_2/,,fwavoy,
Double Date Pt. 3,Yes,http://www.reddit.com/r/JakeAndAmirScripts/comments/1b79g7/jake_and_amir_double_date_part_3/,,fwavoy,
Double Date Pt. 4,Yes,http://www.reddit.com/r/JakeAndAmirScripts/comments/1b7dg4/jake_and_amir_double_date_part_4/,,fwavoy,
DVD,Yes,http://www.reddit.com/r/JakeAndAmirScripts/comments/1b9x7i/jake_and_amir_dvd/,,fwavoy,
DVD Part 2,Yes,http://www.reddit.com/r/JakeAndAmirScripts/comments/1ba09r/jake_and_amir_dvd_part_2/,,fwavoy,
DVD Part 3,Yes,http://www.reddit.com/r/JakeAndAmirScripts/comments/1ba1tc/jake_and_amir_dvd_part_3/,,fwavoy,
Get Rich Quick Schemes,Yes,http://www.reddit.com/r/JakeAndAmirScripts/comments/1g7pwa/jake_and_amir_get_rich_quick_schemes/,,fwavoy,
Instagram,Yes,http://www.reddit.com/r/JakeAndAmirScripts/comments/1dzoat/jake_and_amir_instagram/,,fwavoy,
Interrogator Part 1 (with Ben Schwartz),Yes,http://www.reddit.com/r/JakeAndAmirScripts/comments/1as40i/jake_and_amir_interrogator_part_1/,,fwavoy,
Interrogator Part 2 (with Ben Schwartz),Yes,http://www.reddit.com/r/JakeAndAmirScripts/comments/1ascyf/jake_and_amir_interrogator_part_2/,,fwavoy,
iPhone Case,Yes,http://www.reddit.com/r/JakeAndAmirScripts/comments/1f8vru/jake_and_amir_iphone_case/,,fwavoy,
Jake and Amir's Dream,Yes,http://www.reddit.com/r/JakeAndAmirScripts/comments/1ezy8u/allnighter_jake_and_amirs_dream/,,fwavoy,
Lunch Conversation,Yes,http://www.reddit.com/r/JakeAndAmirScripts/comments/1glsj3/jake_and_amir_lunch_conversation/,,fwavoy,
Meeting Invitation,Yes,http://www.reddit.com/r/JakeAndAmirScripts/comments/1dzlsz/jake_and_amir_meeting_invitation/,,fwavoy,
Password,Yes,http://www.reddit.com/r/JakeAndAmirScripts/comments/1hyeif/jake_and_amir_password/,,fwavoy,
Record Breaker,Yes,http://www.reddit.com/r/JakeAndAmirScripts/comments/1b8b68/jake_and_amir_record_breaker/,,fwavoy,
Rick Fox 4,Yes,http://www.reddit.com/r/JakeAndAmirScripts/comments/1ei298/jake_and_amir_rick_fox_4/,,fwavoy,
Seminar,Yes,http://www.reddit.com/r/JakeAndAmirScripts/comments/1b76q9/jake_and_amir_seminar/,,fwavoy,
Texting,Yes,http://www.reddit.com/r/JakeAndAmirScripts/comments/1b7yq4/jake_and_amir_texting/,,fwavoy,
Rick Roll,Yes,http://www.reddit.com/r/JakeAndAmirScripts/comments/1ixwu8/jake_and_amir_rick_roll/,,fwavoy,
Shia,Yes,http://www.reddit.com/r/JakeAndAmirScripts/comments/1ju34y/jake_and_amir_shia/,,fwavoy,
Frat,Yes,http://www.reddit.com/r/JakeAndAmirScripts/comments/1kantv/jake_and_amir_frat/,,fwavoy,
Airline Scam,Yes,http://www.reddit.com/r/JakeAndAmirScripts/comments/1kxana/jake_and_amir_airline_scam/,,fwavoy,
Talent Show Part 2,Yes,http://www.reddit.com/r/JakeAndAmirScripts/comments/1l7l9r/jake_and_amir_talent_show_part_2/,,fwavoy,
Hotel Room,Yes,http://www.reddit.com/r/JakeAndAmirScripts/comments/1m9yoj/jake_and_amir_hotel_room/,,fwavoy,
Lottery,Yes,http://www.reddit.com/r/JakeAndAmirScripts/comments/1o0laz/jake_and_amir_lottery/,,fwavoy,
Couch for Sale,Yes,http://www.reddit.com/r/JakeAndAmirScripts/comments/1oj4j2/jake_and_amir_couch_for_sale/,,fwavoy,
Costumes Part 2,Yes,http://www.reddit.com/r/JakeAndAmirScripts/comments/1p0xw0/jake_and_amir_costumes_part_2/,,fwavoy,
Tongue,Yes,http://www.reddit.com/r/JakeAndAmirScripts/comments/1pl0uf/jake_and_amir_tongue/,,fwavoy,
Pizza,Yes,http://www.reddit.com/r/JakeAndAmirScripts/comments/1qidu5/jake_and_amir_pizza/,,fwavoy,
Breakfast Date,Yes,http://www.reddit.com/r/JakeAndAmirScripts/comments/1qkna1/jake_and_amir_breakfast_date/,,fwavoy,
Bread,Yes,http://www.reddit.com/r/JakeAndAmirScripts/comments/1r1htq/jake_and_amir_bread/,,fwavoy,
Thanksgiving Scroll,Yes,http://www.reddit.com/r/JakeAndAmirScripts/comments/1rlz0p/jake_and_amir_thanksgiving_scroll/,,fwavoy,
Amnesia,Yes,http://www.reddit.com/r/JakeAndAmirScripts/comments/1s1hut/jake_and_amir_amnesia/,,fwavoy,
Last Day,Yes,http://www.reddit.com/r/JakeAndAmirScripts/comments/1u4u41/jake_and_amir_last_day/,,fwavoy,
Road Trip Part 1 (New Jersey),Yes,http://www.reddit.com/r/JakeAndAmirScripts/comments/1unzb6/jake_and_amir_road_trip_part_1_new_jersey/,,fwavoy,
Road Trip Part 2 (New Orleans),Yes,http://www.reddit.com/r/JakeAndAmirScripts/comments/1v89v8/jake_and_amir_road_trip_part_2_new_orleans/,,fwavoy,
Road Trip Part 3 (Texas),Yes,http://www.reddit.com/r/JakeAndAmirScripts/comments/1vt2j5/jake_and_amir_road_trip_part_3_texas/,,fwavoy,
Road Trip Part 4 (New Mexico),Yes,http://www.reddit.com/r/JakeAndAmirScripts/comments/1wg4is/jake_and_amir_road_trip_part_4_new_mexico/,,fwavoy,
Road Trip Part 5 (Grand Canyon),Yes,http://www.reddit.com/r/JakeAndAmirScripts/comments/1x1vr8/jake_and_amir_road_trip_part_5_grand_canyon/,,fwavoy,
Road Trip Part 6 (Las Vegas),Yes,http://www.reddit.com/r/JakeAndAmirScripts/comments/1xo30l/jake_and_amir_road_trip_part_6_las_vegas/,,fwavoy,
Printer,Yes,http://www.reddit.com/r/JakeAndAmirScripts/comments/207i6z/jake_and_amir_printer/,,fwavoy,
Bitcoin,Yes,http://www.reddit.com/r/JakeAndAmirScripts/comments/207l32/jake_and_amir_bitcoin/,,fwavoy,
March Madness Pt. 7,Yes,http://www.reddit.com/r/JakeAndAmirScripts/comments/20vicb/jake_and_amir_march_madness_pt_7/,,fwavoy,
Bieber Fever,Yes,http://www.reddit.com/r/JakeAndAmirScripts/comments/21halm/jake_and_amir_bieber_fever/,,fwavoy,
April Fools Soup,Yes,http://www.reddit.com/r/JakeAndAmirScripts/comments/21zp9j/jake_and_amir_april_fools_soup/,,fwavoy,
Real Estate Agent Part 1 (with Ben Schwartz),Yes,http://www.reddit.com/r/JakeAndAmirScripts/comments/22rbgy/jake_and_amir_real_estate_agent_part_1_with_ben/,,fwavoy,
Real Estate Agent Part 2 (with Ben Schwartz),Yes,http://www.reddit.com/r/JakeAndAmirScripts/comments/237seo/jake_and_amir_real_estate_agent_part_2_with_ben/,,fwavoy,
Poster Ideas,Yes,http://www.reddit.com/r/JakeAndAmirScripts/comments/23qrnq/jake_and_amir_poster_ideas/,,fwavoy,
Driving Lesson,Yes,http://www.reddit.com/r/JakeAndAmirScripts/comments/24foxp/jake_and_amir_driving_lesson/,,fwavoy,
Gardening,Yes,http://www.reddit.com/r/JakeAndAmirScripts/comments/24w1lj/jake_and_amir_gardening/,,fwavoy,
Table Read 2,Yes,http://www.reddit.com/r/JakeAndAmirScripts/comments/26tmsl/jake_and_amir_table_read_2/,,fwavoy,
Hoops,Yes,http://www.reddit.com/r/JakeAndAmirScripts/comments/26r5ef/jake_and_amir_hoops/,,fwavoy,
Tinder,Yes,http://www.reddit.com/r/JakeAndAmirScripts/comments/26re49/jake_and_amir_tinder/,,fwavoy,
Personality Quiz,Yes,http://www.reddit.com/r/JakeAndAmirScripts/comments/27bfti/jake_and_amir_personality_quiz/,,fwavoy,
DJ Business,Yes,http://www.reddit.com/r/JakeAndAmirScripts/comments/27u82o/jake_and_amir_dj_business/,,fwavoy,
NY vs LA,Yes,http://www.reddit.com/r/JakeAndAmirScripts/comments/28fnp6/jake_and_amir_ny_vs_la/,,fwavoy,
Game Ideas,Yes,http://www.reddit.com/r/JakeAndAmirScripts/comments/290mrt/jake_and_amir_game_ideas/,,fwavoy,
Vacation Scroll,Yes,http://www.reddit.com/r/JakeAndAmirScripts/comments/29xr0g/jake_and_amir_vacation_scroll/,,fwavoy,
World Cup 2,Yes,http://www.reddit.com/r/JakeAndAmirScripts/comments/2ambkc/jake_and_amir_world_cup_2/,,fwavoy,
Celebrity Date,Yes,http://www.reddit.com/r/JakeAndAmirScripts/comments/2bgd6r/jake_and_amir_celebrity_date/,,fwavoy,
Horoscopes,Yes,http://www.reddit.com/r/JakeAndAmirScripts/comments/2bgiya/jake_and_amir_horoscopes/,,fwavoy,
Birfday,Yes,http://www.reddit.com/r/JakeAndAmirScripts/comments/2dephe/jake_and_amir_birfday/,,fwavoy,
Credit Card,Yes,http://www.reddit.com/r/JakeAndAmirScripts/comments/2dsc6h/jake_and_amir_credit_card/,,fwavoy,
Standing Desk,Yes,http://www.reddit.com/r/JakeAndAmirScripts/comments/2elde6/jake_and_amir_standing_desk/,,fwavoy,
Headshots,Yes,http://www.reddit.com/r/JakeAndAmirScripts/comments/2g1280/jake_and_amir_headshots/,,fwavoy,
Ice Bucket Challenge,Yes,http://www.reddit.com/r/JakeAndAmirScripts/comments/2g1ks3/jake_and_amir_ice_bucket_challenge/,,fwavoy,
Grill,Yes,http://www.reddit.com/r/JakeAndAmirScripts/comments/2hodwh/jake_and_amir_grill/,,fwavoy,
Online Shopping,Yes,http://www.reddit.com/r/JakeAndAmirScripts/comments/2hr7ex/jake_and_amir_online_shopping/,,fwavoy,
Copier,Yes,http://www.reddit.com/r/JakeAndAmirScripts/comments/2hxpqv/jake_and_amir_copier/,,fwavoy,
Feminist,Yes,http://www.reddit.com/r/JakeAndAmirScripts/comments/2hxy8c/jake_and_amir_feminist/,,fwavoy,
iPhone 6,Yes,http://www.reddit.com/r/JakeAndAmirScripts/comments/2j0a79/jake_and_amir_iphone_6/,,fwavoy,
Song of You,Yes,http://www.reddit.com/r/JakeAndAmirScripts/comments/2kj8jm/jake_and_amir_song_of_you/,,fwavoy,
Laundry Day,Yes,http://www.reddit.com/r/JakeAndAmirScripts/comments/2kfko1/jake_and_amir_laundry_day/,,fwavoy,
Costumes Part 3,Yes,http://www.reddit.com/r/JakeAndAmirScripts/comments/2kn7u9/jake_and_amir_costumes_part_3/,,fwavoy,
Date Night,Yes,http://www.reddit.com/r/JakeAndAmirScripts/comments/2n6krx/jake_and_amir_date_night/,,fwavoy,
Stock Market,Yes,http://www.reddit.com/r/JakeAndAmirScripts/comments/2n6lv7/jake_and_amir_stock_market/,,fwavoy,
Full Body Cast,Yes,http://www.reddit.com/r/JakeAndAmirScripts/comments/2n6mwu/jake_and_amir_full_body_cast/,,fwavoy,
Day After Thanksgiving,Yes,http://www.reddit.com/r/JakeAndAmirScripts/comments/2o3qsx/jake_and_amir_day_after_thanksgiving/,,fwavoy,
Ebola,Yes,http://www.reddit.com/r/JakeAndAmirScripts/comments/2q48uu/jake_and_amir_ebola/,,fwavoy,
Serial,Yes,http://www.reddit.com/r/JakeAndAmirScripts/comments/2q9i3q/jake_and_amir_serial/,,fwavoy,
Painting Ideas,Yes,http://www.reddit.com/r/JakeAndAmirScripts/comments/2rlszj/jake_and_amir_painting_ideas/,,fwavoy,
Fish Scroll,Yes,http://www.reddit.com/r/JakeAndAmirScripts/comments/2t4r0f/jake_and_amir_fish_scroll/,,fwavoy,
Compost,Yes,http://www.reddit.com/r/JakeAndAmirScripts/comments/2v65cg/jake_and_amir_compost/,,fwavoy,
Finale Part 1: The Idea,Yes,http://www.reddit.com/r/JakeAndAmirScripts/comments/2w9upc/jake_and_amir_finale_part_1_the_idea/,,fwavoy,
Challenges (Schick Hydro),Yes,http://www.reddit.com/r/JakeAndAmirScripts/comments/2x7or9/jake_and_amir_challenges_schick_hydro/,,fwavoy,
Spotify ad,Yes,http://www.reddit.com/r/JakeAndAmirScripts/comments/2x7pfi/jake_and_amir_spotify_ad/,,fwavoy,
Finale Part 3: Ben Schwartz 2 (w/ Ben Schwartz),Yes,http://www.reddit.com/r/JakeAndAmirScripts/comments/2xv99o/jake_and_amir_finale_part_3_ben_schwartz_2_w_ben/,,fwavoy,
Finale Part 4: Power Lunch,Yes,http://www.reddit.com/r/JakeAndAmirScripts/comments/2ymu7c/jake_and_amir_finale_part_4_power_lunch/,,fwavoy,
Finale Part 5: The Auditions,Yes,http://www.reddit.com/r/JakeAndAmirScripts/comments/2zedlk/jake_and_amir_finale_part_5_the_auditions/,,fwavoy,
The Hot Date (presented by Gears of War 3),Yes,http://www.reddit.com/r/JakeAndAmirScripts/comments/303lzb/jake_and_amir_the_hot_date_presented_by_gears_of/,,fwavoy,
Finale Part 6: The Shoot,Yes,http://www.reddit.com/r/JakeAndAmirScripts/comments/30721v/jake_and_amir_finale_part_6_the_shoot/,,fwavoy,
Finale Part 7: Limo,Yes,http://www.reddit.com/r/JakeAndAmirScripts/comments/31y5d5/jake_and_amir_finale_part_7_limo/,,fwavoy,
The Last Jake and Amir Episode Ever,Yes,http://www.reddit.com/r/JakeAndAmirScripts/comments/31yeyy/the_last_jake_and_amir_episode_ever/,,fwavoy,
Donald Trump,Yes,https://www.reddit.com/r/JakeAndAmirScripts/comments/59qs3a/jake_and_amir_donald_trump/,,fwavoy,
Gay Marriage,Yes,http://www.reddit.com/r/JakeAndAmirScripts/comments/1c0evg/jake_and_amir_gay_marriage/,,gabriellemir,
Loud Movie,Yes,http://www.reddit.com/r/JakeAndAmirScripts/comments/19vumq/jake_and_amir_loud_movie/,,gayandamir,
4th of July,Yes,http://www.reddit.com/r/JakeAndAmirScripts/comments/1hjk5q/jake_and_amir_4th_of_july/,,GlassesW_BitchOnThem,0
Ace and Jocelyn - EPISODE 2!,Yes,http://www.reddit.com/r/JakeAndAmirScripts/comments/1hjkzl/jake_and_amir_ace_and_jocelyn_episode_2/,,GlassesW_BitchOnThem,# transcribed total
Ace and Jocelyn - The TV Pilot,Yes,http://www.reddit.com/r/JakeAndAmirScripts/comments/1hjm0t/jake_and_amir_ace_and_jocelyn_the_tv_pilot/,,GlassesW_BitchOnThem,
Airplane,Yes,http://www.reddit.com/r/JakeAndAmirScripts/comments/1hjvfz/jake_and_amir_airplane/,,GlassesW_BitchOnThem,
Angry Birds,Yes,http://www.reddit.com/r/JakeAndAmirScripts/comments/1hjvi4/jake_and_amir_angry_birds/,,GlassesW_BitchOnThem,
BattleShip,Yes,http://www.reddit.com/r/JakeAndAmirScripts/comments/1hjvic/jake_and_amir_battleship/,,GlassesW_BitchOnThem,
Blender,Yes,http://www.reddit.com/r/JakeAndAmirScripts/comments/1hjvrw/jake_and_amir_blender/,,GlassesW_BitchOnThem,
Bless You. (AKA: Lyrics Part Two),Yes,http://www.reddit.com/r/JakeAndAmirScripts/comments/1hjvtz/jake_and_amir_bless_you_aka_lyrics_part_two/,,GlassesW_BitchOnThem,
Bomb Threat,Yes,http://www.reddit.com/r/JakeAndAmirScripts/comments/1hjvvp/jake_and_amir_bomb_threat/,,GlassesW_BitchOnThem,
Bowling for Soup,Yes,http://www.reddit.com/r/JakeAndAmirScripts/comments/1hjvxk/jake_and_amir_bowling_for_soup/,,GlassesW_BitchOnThem,
Breakfast,Yes,http://www.reddit.com/r/JakeAndAmirScripts/comments/1hjw0e/jake_and_amir_breakfast/,,GlassesW_BitchOnThem,
Brownies,Yes,http://www.reddit.com/r/JakeAndAmirScripts/comments/1hjw5p/jake_and_amir_brownies/,,GlassesW_BitchOnThem,
Burp,Yes,http://www.reddit.com/r/JakeAndAmirScripts/comments/1hjwbf/jake_and_amir_burp/,,GlassesW_BitchOnThem,
Chat Roulette,Yes,http://www.reddit.com/r/JakeAndAmirScripts/comments/1hjwg7/jake_and_amir_chat_roulette/,,GlassesW_BitchOnThem,
Coma,Yes,http://www.reddit.com/r/JakeAndAmirScripts/comments/1hjwii/jake_and_amir_coma/,,GlassesW_BitchOnThem,
Cousins,Yes,http://www.reddit.com/r/JakeAndAmirScripts/comments/1hjwkp/jake_and_amir_cousins/,,GlassesW_BitchOnThem,
Desktop Prank,Yes,http://www.reddit.com/r/JakeAndAmirScripts/comments/1hjwnf/jake_and_amir_desktop_prank/,,GlassesW_BitchOnThem,
Double Date,Yes,http://www.reddit.com/r/JakeAndAmirScripts/comments/1hjwp0/jake_and_amir_double_date/,,GlassesW_BitchOnThem,
eBay,Yes,http://www.reddit.com/r/JakeAndAmirScripts/comments/1hjwry/jake_and_amir_ebay/,,GlassesW_BitchOnThem,
Eighty Cents,Yes,http://www.reddit.com/r/JakeAndAmirScripts/comments/1hjwur/jake_and_amir_eighty_cents/,,GlassesW_BitchOnThem,
Emails,Yes,http://www.reddit.com/r/JakeAndAmirScripts/comments/1hjwwh/jake_and_amir_emails/,,GlassesW_BitchOnThem,
For the Wolf Shirt,Yes,http://www.reddit.com/r/JakeAndAmirScripts/comments/1hjwyz/jake_and_amir_for_the_wolf_shirt/,,GlassesW_BitchOnThem,
Girlfriend,Yes,http://www.reddit.com/r/JakeAndAmirScripts/comments/1hjx0r/jake_and_amir_girlfriend/,,GlassesW_BitchOnThem,
Girlfriend Pt. 2 (Aragorn),Yes,http://www.reddit.com/r/JakeAndAmirScripts/comments/1hjx3c/jake_and_amir_girlfriend_pt_2_aragorn/,,GlassesW_BitchOnThem,
Girlfriend Pt. 3 (Kite),Yes,http://www.reddit.com/r/JakeAndAmirScripts/comments/1hjx5b/jake_and_amir_girlfriend_pt_3_kite/,,GlassesW_BitchOnThem,
Headset,Yes,http://www.reddit.com/r/JakeAndAmirScripts/comments/1hjx6y/jake_and_amir_headset/,,GlassesW_BitchOnThem,
Heavy Lifting,Yes,http://www.reddit.com/r/JakeAndAmirScripts/comments/1hjx99/jake_and_amir_heavy_lifting/,,GlassesW_BitchOnThem,
High School Friend,Yes,http://www.reddit.com/r/JakeAndAmirScripts/comments/1hjxbn/jake_and_amir_high_school_friend/,,GlassesW_BitchOnThem,
Hookah,Yes,http://www.reddit.com/r/JakeAndAmirScripts/comments/1hjxee/jake_and_amir_hookah/,,GlassesW_BitchOnThem,
Hospital,Yes,http://www.reddit.com/r/JakeAndAmirScripts/comments/1hjxgk/jake_and_amir_hospital/,,GlassesW_BitchOnThem,
Icing,Yes,http://www.reddit.com/r/JakeAndAmirScripts/comments/1hjyed/jake_and_amir_icing/,,GlassesW_BitchOnThem,
Jake's Twitter,Yes,http://www.reddit.com/r/JakeAndAmirScripts/comments/1hjyjl/jake_and_amir_jakes_twitter/,,GlassesW_BitchOnThem,
Job,Yes,http://www.reddit.com/r/JakeAndAmirScripts/comments/1hjym7/jake_and_amir_job/,,GlassesW_BitchOnThem,
Keys,Yes,http://www.reddit.com/r/JakeAndAmirScripts/comments/1hjyo6/jake_and_amir_keys/,,GlassesW_BitchOnThem,
Kite,Yes,http://www.reddit.com/r/JakeAndAmirScripts/comments/1hjyr7/jake_and_amir_kite/,,GlassesW_BitchOnThem,
Kobayashi,Yes,http://www.reddit.com/r/JakeAndAmirScripts/comments/1hjytj/jake_and_amir_kobayashi/,,GlassesW_BitchOnThem,
Lunch Meeting,Yes,http://www.reddit.com/r/JakeAndAmirScripts/comments/1hjyva/jake_and_amir_lunch_meeting/,,GlassesW_BitchOnThem,
Make Believe,Yes,http://www.reddit.com/r/JakeAndAmirScripts/comments/1hjywk/jake_and_amir_make_believe/,,GlassesW_BitchOnThem,
Making the Band. Perform.,Yes,http://www.reddit.com/r/JakeAndAmirScripts/comments/1hjyyk/jake_and_amir_making_the_band_perform/,,GlassesW_BitchOnThem,
Miami,Yes,http://www.reddit.com/r/JakeAndAmirScripts/comments/1hjz36/jake_and_amir_miami/,,GlassesW_BitchOnThem,
Miami Part 2 (Driving),Yes,http://www.reddit.com/r/JakeAndAmirScripts/comments/1hjz4x/jake_and_amir_miami_part_2_driving/,,GlassesW_BitchOnThem,
Miami Part 3 (Bang Bus),Yes,http://www.reddit.com/r/JakeAndAmirScripts/comments/1hjz7u/jake_and_amir_miami_part_3_bang_bus/,,GlassesW_BitchOnThem,
Mickey,Yes,http://www.reddit.com/r/JakeAndAmirScripts/comments/1hjza9/jake_and_amir_mickey/,,GlassesW_BitchOnThem,
Movie Debate,Yes,http://www.reddit.com/r/JakeAndAmirScripts/comments/1hk0vq/jake_and_amir_movie_debate/,,GlassesW_BitchOnThem,
My Boy,Yes,http://www.reddit.com/r/JakeAndAmirScripts/comments/1hjzhd/jake_and_amir_my_boy/,,GlassesW_BitchOnThem,
New Computer,Yes,http://www.reddit.com/r/JakeAndAmirScripts/comments/1hjzjw/jake_and_amir_new_computer/,,GlassesW_BitchOnThem,
New Shirt,Yes,http://www.reddit.com/r/JakeAndAmirScripts/comments/1hjzn8/jake_and_amir_new_shirt/,,GlassesW_BitchOnThem,
New Website,Yes,http://www.reddit.com/r/JakeAndAmirScripts/comments/1hjzpr/jake_and_amir_new_website/,,GlassesW_BitchOnThem,
Normal Conversation,Yes,http://www.reddit.com/r/JakeAndAmirScripts/comments/1hjzsb/jake_and_amir_normal_conversation/,,GlassesW_BitchOnThem,
Nuggets,Yes,http://www.reddit.com/r/JakeAndAmirScripts/comments/1hjzuo/jake_and_amir_nuggets/,,GlassesW_BitchOnThem,
Office Fantasy (with Julia Allison),Yes,http://www.reddit.com/r/JakeAndAmirScripts/comments/1hjzw7/jake_and_amir_office_fantasy_with_julia_allison/,,GlassesW_BitchOnThem,
Opposite Day,Yes,http://www.reddit.com/r/JakeAndAmirScripts/comments/1hjzyd/jake_and_amir_opposite_day/,,GlassesW_BitchOnThem,
Party Planning,Yes,http://www.reddit.com/r/JakeAndAmirScripts/comments/1hk00v/jake_and_amir_party_planning/,,GlassesW_BitchOnThem,
Realizations,Yes,http://www.reddit.com/r/JakeAndAmirScripts/comments/1hk03b/jake_and_amir_realizations/,,GlassesW_BitchOnThem,
Santa,Yes,http://www.reddit.com/r/JakeAndAmirScripts/comments/1hk04s/jake_and_amir_santa/,,GlassesW_BitchOnThem,
Screen Name,Yes,http://www.reddit.com/r/JakeAndAmirScripts/comments/1hk06e/jake_and_amir_screen_name/,,GlassesW_BitchOnThem,
Six Flags,Yes,http://www.reddit.com/r/JakeAndAmirScripts/comments/1hk07v/jake_and_amir_six_flags/,,GlassesW_BitchOnThem,
Los Angeles,Yes,http://www.reddit.com/r/JakeAndAmirScripts/comments/1b76a0/los_angeles_script/,,goredsox04040404,
Unknown Co-worker (BACARDI),Yes,http://www.reddit.com/r/JakeAndAmirScripts/comments/1bjzue/jake_and_amir_bacardi_unknown_coworker/,,grahamhill92,
Trust Fall 2,Yes,http://www.reddit.com/r/JakeAndAmirScripts/comments/19muc3/jake_and_amir_trust_fall_2/,,griffinjennings,
Blackjack,Yes,http://www.reddit.com/r/JakeAndAmirScripts/comments/1a2ha5/jake_and_amir_blackjack/,,guitargrl34,
Drugs. No They're Not.,Yes,http://www.reddit.com/r/JakeAndAmirScripts/comments/19zyhb/jake_and_amir_drugs_no_theyre_not/,,guitargrl34,
Scared,Yes,http://www.reddit.com/r/JakeAndAmirScripts/comments/19xmmn/jake_and_amir_scared/,,guitargrl34,
Tampon,Yes,http://www.reddit.com/r/JakeAndAmirScripts/comments/19w2av/jake_and_amir_tampon/,,guitargrl34,
Oil Spill,Yes,http://www.reddit.com/r/JakeAndAmirScripts/comments/19zbwm/jake_and_amir_oil_spill/,,Hot_Hands,
Girlfriend Pt. 4 (Love),Yes,http://www.reddit.com/r/JakeAndAmirScripts/comments/19xy9c/jake_and_amir_girlfriend_pt_4_love/,,iamashleydef,
Homeland,Yes,http://www.reddit.com/r/JakeAndAmirScripts/comments/19xtnx/jake_and_amir_homeland/,,iamashleydef,
Movie Date (with Ben Schwartz and Thomas Middleditch),Yes,http://www.reddit.com/r/JakeAndAmirScripts/comments/19xnmb/jake_and_amir_movie_date_with_ben_schwartz_and/,,iamashleydef,
Studio Audience,Yes,http://www.reddit.com/r/JakeAndAmirScripts/comments/19y6ad/jake_and_amir_studio_audience/,,iamashleydef,
Trick or Treat,Yes,http://www.reddit.com/r/JakeAndAmirScripts/comments/19ygxv/jake_and_amir_trick_or_treat/,,iamashleydef,
Mountain Hiker Part 1 (with Ben Schwartz),Yes,http://www.reddit.com/r/JakeAndAmirScripts/comments/19yjw3/jake_and_amir_mountain_hiker_part_1_with_ben/,,iamshleydef,
Cereal Thief,Yes,http://www.reddit.com/r/JakeAndAmirScripts/comments/19mjmd/jake_and_amir_cereal_thief_script/,,infinityx,
Bozo,Yes,http://www.reddit.com/r/JakeAndAmirScripts/comments/19vzwz/jake_and_amir_bozo/,,Irolden,
Triathlon,Yes,http://www.reddit.com/r/JakeAndAmirScripts/comments/19vr07/jake_and_amir_triathlon/,,JabasMyBitch,
Miami Part 4 (The Crash),Yes,http://www.reddit.com/r/JakeAndAmirScripts/comments/1bk67x/jake_and_amir_miami_pt_4_the_crash/,,Jacobcgi,
Miami Part 6 (The End) [The Porno],Yes,http://www.reddit.com/r/JakeAndAmirScripts/comments/1bjnsb/jake_and_amir_miami_pt6_the_porno/,,Jacobcgi,
Dating Coach (with Ben Schwartz),Yes,http://www.reddit.com/r/JakeAndAmirScripts/comments/1b8wws/jake_and_amir_dating_coach_with_ben_schwartz/,,jakeandamirfan,
Snack Attack,Yes,http://www.reddit.com/r/JakeAndAmirScripts/comments/1b8yvy/jake_and_amir_snack_attack/,,jakeandamirfan,
Couch,Yes,http://www.reddit.com/r/JakeAndAmirScripts/comments/1bape0/jake_and_amir_scrip_couch/,,Jakeandamirfodascript,
Secretary,Yes,http://www.reddit.com/r/JakeAndAmirScripts/comments/19w7x8/jake_and_amir_secretary/,,jakeandamirscript95,
Dating Apps,Yes,http://www.reddit.com/r/JakeAndAmirScripts/comments/1skrrm/jake_and_amir_dating_apps/,,janniks,
Fedora,Yes,http://www.reddit.com/r/JakeAndAmirScripts/comments/19vlnm/jake_and_amir_fedora/,,japieee,
New Voice,Yes,http://www.reddit.com/r/JakeAndAmirScripts/comments/19vp71/jake_and_amir_new_voice/,,japieee,
Ace and Jocelyn - Episode 7: Space Twins!,Yes,http://www.reddit.com/r/JakeAndAmirScripts/comments/1bhx8d/ace_and_jocelyn_episode_7_space_twins/,,jasperam,total # of episodes
Toilet,Yes,http://www.reddit.com/r/JakeAndAmirScripts/comments/1becai/all_nighter_iii_jake_and_amir_toilet/,,jasperam,
Hot Box,Yes,http://www.reddit.com/r/JakeAndAmirScripts/comments/1a24m1/jake_and_amir_hot_box/,,Jenicajay,
"Game Show Host
",Yes,http://www.reddit.com/r/JakeAndAmirScripts/comments/1b7unn/jake_and_amir_game_show_host/,,Jeremymia,
Pie,Yes,http://www.reddit.com/r/JakeAndAmirScripts/comments/1b92u9/jake_and_amir_pie/,,Jeremymia,
Break,Yes,http://www.reddit.com/r/JakeAndAmirScripts/comments/1b7aui/jake_and_amir_break/,,jgd915,
Profile Pic,Yes,http://www.reddit.com/r/JakeAndAmirScripts/comments/19vqsf/jake_and_amir_profile_pic/,,jgd915,
Toy Drive,Yes,http://www.reddit.com/r/JakeAndAmirScripts/comments/1b7pzg/jake_and_amir_toy_drive/,,jmonepri,
Mike and Amanda,Yes,http://www.reddit.com/r/JakeAndAmirScripts/comments/1hmtxt/jake_and_amir_mike_and_amanda/,,just_4_you_babe,
Dating Service,Yes,http://www.reddit.com/r/JakeAndAmirScripts/comments/19yd8z/jake_and_amir_dating_service/,,kasi3,
March Madness Pt. 2,Yes,http://www.reddit.com/r/JakeAndAmirScripts/comments/19w75o/jake_and_amir_march_madness_pt_,,kasi3,
Tissue,Yes,http://www.reddit.com/r/JakeAndAmirScripts/comments/19y3w7/jake_and_amir_tissue/,,kasi3,
Ransom,Yes,http://www.reddit.com/r/JakeAndAmirScripts/comments/19vxll/jake_and_amir_ransom/,,Katesco,
Tutors,Yes,http://www.reddit.com/r/JakeAndAmirScripts/comments/1a0246/jake_and_amir_tutors/,,katesco,
Mouse Trap,Yes,http://www.reddit.com/r/JakeAndAmirScripts/comments/1b8bvv/jake_and_amir_mouse_trap/,,keencreane,
Cousin,Yes,http://www.reddit.com/r/JakeAndAmirScripts/comments/1bak82/jake_and_amir_cousin/,,Kingkoopa456,
Beer,Yes,http://www.reddit.com/r/JakeAndAmirScripts/comments/19snzu/jake_and_amir_beer/,,Kozmi,
High Five,Yes,http://www.reddit.com/r/JakeAndAmirScripts/comments/19wnmd/jake_and_amir_high_five/,,Kozmi,
IQ Test,Yes,http://www.reddit.com/r/JakeAndAmirScripts/comments/19s74u/jake_and_amir_iq_test/,,Kozmi,
Practical Joke,Yes,http://www.reddit.com/r/JakeAndAmirScripts/comments/19x0eb/jake_and_amir_practical_joke/,,Kozmi,
Miami Part 5 (Bang Bros HQ),Yes,http://www.reddit.com/r/JakeAndAmirScripts/comments/1bklwx/jake_and_amir_miami_pt_5_bang_bros_hq/,,KROMExRainbow,
Dare,Yes,http://www.reddit.com/r/JakeAndAmirScripts/comments/1b77o1/jake_and_amir_dare/,,laughingchestnut,
30th Birthday,Yes,http://www.reddit.com/r/JakeAndAmirScripts/comments/19p4r4/jake_and_amir_30th_birthday/,,Lavaswimmer,# in progress
Internship Interviews,Yes,http://www.reddit.com/r/JakeAndAmirScripts/comments/1b853m/jake_and_amir_internship_interviews/,,Lavaswimmer,
Real Estate,Yes,http://www.reddit.com/r/JakeAndAmirScripts/comments/19mkx0/jake_and_amir_real_estate/,,Lavaswimmer,
Bus,Yes,http://www.reddit.com/r/JakeAndAmirScripts/comments/1jdapc/jake_and_amir_bus/,,Lavaswimmer,
Lights Out,Yes,http://www.reddit.com/r/JakeAndAmirScripts/comments/1lo9hg/jake_and_amir_lights_out/,,Lavaswimmer,
Audition,Yes,http://www.reddit.com/r/JakeAndAmirScripts/comments/1n1qxc/jake_and_amir_audition/,,Lavaswimmer,
Reddit Part 2,Yes,http://www.reddit.com/r/JakeAndAmirScripts/comments/1n2c7l/jake_and_amir_reddit_part_2/,,Lavaswimmer,
New Guy,Yes,http://www.reddit.com/r/JakeAndAmirScripts/comments/1b8mps/jake_and_amir_new_guy/,,leron-uh,
New Guy,Yes,http://www.reddit.com/r/JakeAndAmirScripts/comments/1a0aq8/jake_and_amir_new_guy/,,leron-uh,
New Office [Jake's New Job 5],Yes,http://www.reddit.com/r/JakeAndAmirScripts/comments/1b8lhd/jake_and_amir_jakes_new_office/,,leron-uh,
pt,Yes,http://www.reddit.com/r/JakeAndAmirScripts/comments/1b8w3a/jake_and_amir_park/,,leron-uh,
Restricted,Yes,http://www.reddit.com/r/JakeAndAmirScripts/comments/1b8nl8/jake_and_amir_restricted/,,leron-uh,
Sick Day,Yes,http://www.reddit.com/r/JakeAndAmirScripts/comments/1b8izz/jake_and_amir_sick_day/,,leron-uh,
Sick Day Part 2,Yes,http://www.reddit.com/r/JakeAndAmirScripts/comments/1b8k5m/jake_and_amir_sick_day_part_2/,,leron-uh,
Sick Day Part 3,Yes,http://www.reddit.com/r/JakeAndAmirScripts/comments/1b8kut/jake_and_amir_sick_day_part_3_goodbye/,,leron-uh,
Ultimatum,Yes,http://www.reddit.com/r/JakeAndAmirScripts/comments/1b8omz/jake_and_amir_ultimatum/,,leron-uh,
VideoGames,Yes,http://www.reddit.com/r/JakeAndAmirScripts/comments/1b8q2u/jake_and_amir_videogames/,,leron-uh,
Couples Therapist (starring Ben Schwartz),Yes,http://www.reddit.com/r/JakeAndAmirScripts/comments/1b8wua/jake_and_amir_couples_therapist/,,LittleMonster47,
Couples Therapist 2 (starring Ben Schwartz),Yes,http://www.reddit.com/r/JakeAndAmirScripts/comments/1bas5f/jake_and_amir_couples_therapist_pt_2/,,LittleMonster47,
Office Painter (with Ben Schwartz),Yes,http://www.reddit.com/r/JakeAndAmirScripts/comments/1b8pbb/jake_and_amir_office_painter/,,LittleMonster47,
Website Ideas,Yes,http://www.reddit.com/r/JakeAndAmirScripts/comments/19vs2a/jake_and_amir_website_ideas/,,lynnerichman,
Deals,Yes,http://www.reddit.com/r/JakeAndAmirScripts/comments/1b786d/jake_and_amir_deals/,,mackay64,
Mission (BACARDI),Yes,http://www.reddit.com/r/JakeAndAmirScripts/comments/1bg5km/jake_amir_mission_bacardi/,,mackay64,
Ground Rules,Yes,http://www.reddit.com/r/JakeAndAmirScripts/comments/19vu8b/jake_and_amir_ground_rules/,,Marcus_Yallow,
Swag,Yes,http://www.reddit.com/r/JakeAndAmirScripts/comments/1ifl4v/jake_and_amir_swag/,,ME3News,
Real World Audition,Yes,http://www.reddit.com/r/JakeAndAmirScripts/comments/1bll1h/jake_and_amir_real_world_audition/,,mentalstabber,
Boot Camp,Yes,http://www.reddit.com/r/JakeAndAmirScripts/comments/19z4df/jake_and_amir_boot_camp/,,mini3929,
Decision,Yes,http://www.reddit.com/r/JakeAndAmirScripts/comments/1b76q8/jake_and_amir_decision/,,mini3929,
Question,Yes,http://www.reddit.com/r/JakeAndAmirScripts/comments/1a07ot/jake_and_amir_question/,,mini3929,
Rap Teacher Part 2 (with Hoodie Allen),Yes,http://www.reddit.com/r/JakeAndAmirScripts/comments/19vt6z/jake_and_amir_rap_teacher_pt_2/,,mini3929,
Snowstorm,Yes,http://www.reddit.com/r/JakeAndAmirScripts/comments/1a2bwv/jake_and_amir_snowstorm/,,mini3929,
Suggestion Box Part 2,Yes,http://www.reddit.com/r/JakeAndAmirScripts/comments/19zss1/jake_and_amir_suggestion_box_pt_2/,,mini3929,
Vegan,Yes,http://www.reddit.com/r/JakeAndAmirScripts/comments/19z8pf/jake_and_amir_vegan/,,mini3929,
Workshop,Yes,http://www.reddit.com/r/JakeAndAmirScripts/comments/1a18l8/jake_and_amir_workshop/,,mini3929,
Broken,Yes,http://www.reddit.com/r/JakeAndAmirScripts/comments/19vz6b/broken/,,mishugana,
Canada,Yes,http://www.reddit.com/r/JakeAndAmirScripts/comments/19vxr8/canada/,,mishugana,
iPhone,Yes,http://www.reddit.com/r/JakeAndAmirScripts/comments/19vmjk/iphone/,,mishugana,
Sleepy,Yes,http://www.reddit.com/r/JakeAndAmirScripts/comments/19vveg/sleepy/,,mishugana,
Smoking,Yes,http://www.reddit.com/r/JakeAndAmirScripts/comments/19vq1a/smoking/,,mishugana,
Vacation,Yes,http://www.reddit.com/r/JakeAndAmirScripts/comments/19vpo1/vacation/,,mishugana,
Vacation Part 2,Yes,http://www.reddit.com/r/JakeAndAmirScripts/comments/19vtlx/vacation_part_2/,,mishugana,
Crossword Puzzle,Yes,http://www.reddit.com/r/JakeAndAmirScripts/comments/19whqi/jake_and_amir_crossword/,,Monzisha06,
Lasik,Yes,http://www.reddit.com/r/JakeAndAmirScripts/comments/19vn8i/lasik/,,mrobb38,
Text Messages,Yes,http://www.reddit.com/r/JakeAndAmirScripts/comments/19wbe8/jake_and_amir_text_messages/,,mrobb38,
Making Fun,Yes,http://www.reddit.com/r/JakeAndAmirScripts/comments/19vqkd/jake_and_amir_making_fun_61/,,msween00,
Commute,Yes,http://www.reddit.com/r/JakeAndAmirScripts/comments/1anq8e/jake_and_amir_commute/,,nehal37,
Engaged,Yes,http://www.reddit.com/r/JakeAndAmirScripts/comments/1aq64b/jake_and_amir_engaged/,,nehal37,
Moment of Silence,Yes,http://www.reddit.com/r/JakeAndAmirScripts/comments/1answ0/jake_and_amir_moment_of_silence/,,nehal37,
FIAT Roadtrip,Yes,http://www.reddit.com/r/JakeAndAmirScripts/comments/1bd614/jake_and_amir_fiat_presents_road_trip_1/,,nissa_rachmi,
Group Hug (BACARDI),Yes,http://www.reddit.com/r/JakeAndAmirScripts/comments/1bd2o6/jake_and_amir_group_hug_bacardi/,,nissa_rachmi,
Jacuzzi,Yes,http://www.reddit.com/r/JakeAndAmirScripts/comments/1b86xp/jake_and_amir_jacuzzi/,,nissa_rachmi,
Voice,Yes,http://www.reddit.com/r/JakeAndAmirScripts/comments/1bcz0p/jake_and_amir_voice/,,nissa_rachmi,
Trouble,Yes,http://www.reddit.com/r/JakeAndAmirScripts/comments/1a6ymb/jake_and_amir_trouble/,,nosworth,
Doobs Part 2,Yes,http://www.reddit.com/r/JakeAndAmirScripts/comments/19wtdm/jake_and_amir_doobs_2/,,nsuri98,
The Bet,Yes,http://www.reddit.com/r/JakeAndAmirScripts/comments/1b6yw7/the_bet/,,p1zzaplz,
Health Insurance,Yes,http://www.reddit.com/r/JakeAndAmirScripts/comments/1bceb8/091029_health_insurance/,,paul (and seeegma),
"150,000 Facebook Fans Thank You Video",Yes,http://www.reddit.com/r/JakeAndAmirScripts/comments/1bk4ab/150000_facebook_fans_thank_you_video/,,PBdolphin23,164
15th Webby Call for Entry Video,Yes,http://www.reddit.com/r/JakeAndAmirScripts/comments/1bj481/15th_webby_call_for_entry_video/,,PBdolphin23,
Ace and Jocelyn - Episode THREE!,Yes,http://www.reddit.com/r/JakeAndAmirScripts/comments/1an4d8/ace_and_jocelyn_episode_three/,,PBdolphin23,699
April Fools,Yes,http://www.reddit.com/r/JakeAndAmirScripts/comments/1aia4z/jake_and_amir_april_fools_part_1/,,PBdolphin23,
April Fools II,Yes,http://www.reddit.com/r/JakeAndAmirScripts/comments/1ak5mj/jake_and_amir_april_fools_part_2/,,PBdolphin23,
Away Message (AKA Screen Name 2),Yes,http://www.reddit.com/r/JakeAndAmirScripts/comments/1an95s/jake_and_amir_away_message/,,PBdolphin23,
Behind the Scenes of “The CollegeHumor Show” Part One,Yes,http://www.reddit.com/r/JakeAndAmirScripts/comments/1bizff/behind_the_scenes_of_the_collegehumor_show_part/,,PBdolphin23,
Behind the Scenes of “The CollegeHumor Show” Part Two,Yes,http://www.reddit.com/r/JakeAndAmirScripts/comments/1bjh9j/behind_the_scenes_of_the_collegehumor_show_part/,,PBdolphin23,
Brother (Starring Kumail Nanjiani),Yes,http://www.reddit.com/r/JakeAndAmirScripts/comments/1b1nwy/jake_and_amir_brother/,,PBdolphin23,
Brother Part 2 (Starring Kumail Nanjiani),Yes,http://www.reddit.com/r/JakeAndAmirScripts/comments/1b1qk8/jake_and_amir_brother_part_2/,,PBdolphin23,
Brother Part 3 (Starring Kumail Nanjiani),Yes,http://www.reddit.com/r/JakeAndAmirScripts/comments/1b1tbq/jake_and_amir_brother_part_3/,,PBdolphin23,
Brother Part 4 (Starring Kumail Nanjiani),Yes,http://www.reddit.com/r/JakeAndAmirScripts/comments/1b1vi8/jake_and_amir_brother_part_4/,,PBdolphin23,
Bubble Wrap,Yes,http://www.reddit.com/r/JakeAndAmirScripts/comments/1a574m/jake_and_amir_bubblewrap/,,PBdolphin23,
Business Card,Yes,http://www.reddit.com/r/JakeAndAmirScripts/comments/1c1asm/jake_and_amir_business_card/,,PBdolphin23,
Cincinnati,Yes,http://www.reddit.com/r/JakeAndAmirScripts/comments/1b70ui/jake_and_amir_cincinnati/,,PBdolphin23,
Coffee Shop,Yes,http://www.reddit.com/r/JakeAndAmirScripts/comments/1c1cqs/jake_and_amir_coffee_shop/,,PBdolphin23,
Costume,Yes,http://www.reddit.com/r/JakeAndAmirScripts/comments/1a57qn/jake_and_amir_costume/,,PBdolphin23,
Coupon,Yes,http://www.reddit.com/r/JakeAndAmirScripts/comments/1b2bnk/jake_and_amir_coupon/,,PBdolphin23,
Date,Yes,http://www.reddit.com/r/JakeAndAmirScripts/comments/1aak6w/jake_and_amir_date/,,PBdolphin23,
Date Part II,Yes,http://www.reddit.com/r/JakeAndAmirScripts/comments/1aalpf/jake_and_amir_date_pt_2/,,PBdolphin23,
Daughter,Yes,http://www.reddit.com/r/JakeAndAmirScripts/comments/1c1bws/jake_and_amir_daughter/,,PBdolphin23,
Dave,Yes,http://www.reddit.com/r/JakeAndAmirScripts/comments/1baeeo/jake_and_amir_dave/,,PBdolphin23,
Dave Part 2 (David),Yes,http://www.reddit.com/r/JakeAndAmirScripts/comments/1bb3k5/jake_and_amir_dave_part_2/,,PBdolphin23,
Elevator,Yes,http://www.reddit.com/r/JakeAndAmirScripts/comments/19yiqw/jake_and_amir_elevator/,,PBdolphin23,
Email,Yes,http://www.reddit.com/r/JakeAndAmirScripts/comments/1b28p3/jake_and_amir_email/,,PBdolphin23,
Fashion Blog,Yes,http://www.reddit.com/r/JakeAndAmirScripts/comments/1b83ui/jake_and_amir_fashion_blog/,,PBdolphin23,
Fiesta Movement Presents J&A Road Trip 1,Yes,http://www.reddit.com/r/JakeAndAmirScripts/comments/1bif46/fiesta_movement_presents_ja_road_trip_1/,,PBdolphin23,
Fiesta Movement Presents J&A Road Trip 2,Yes,http://www.reddit.com/r/JakeAndAmirScripts/comments/1bijjw/fiesta_movement_presents_ja_road_trip_2/,,PBdolphin23,
Fiesta Movement Presents J&A Road Trip 3,Yes,http://www.reddit.com/r/JakeAndAmirScripts/comments/1bm9p7/fiesta_movement_presents_ja_road_trip_3/,,PBdolphin23,
Fiesta Movement Presents J&A Road Trip 4,Yes,http://www.reddit.com/r/JakeAndAmirScripts/comments/1biuep/fiesta_movement_presents_ja_road_trip_4/,,PBdolphin23,
Files,Yes,http://www.reddit.com/r/JakeAndAmirScripts/comments/1aouvm/jake_and_amir_files/,,PBdolphin23,
Florida Pt. III (Sun Tan),Yes,http://www.reddit.com/r/JakeAndAmirScripts/comments/1b8uwu/jake_and_amir_florida_part_3_sun_tan/,,PBdolphin23,
Football Game,Yes,http://www.reddit.com/r/JakeAndAmirScripts/comments/1b9a1u/jake_and_amir_football_game/,,PBdolphin23,
Freaky Friday,Yes,http://www.reddit.com/r/JakeAndAmirScripts/comments/1b7732/jake_and_amir_freaky_friday/,,PBdolphin23,
Gallon Challenge,Yes,http://www.reddit.com/r/JakeAndAmirScripts/comments/1apfdd/jake_and_amir_gallon_challenge/,,PBdolphin23,
Godfather,Yes,http://www.reddit.com/r/JakeAndAmirScripts/comments/1b2frd/jake_and_amir_the_godfather/,,PBdolphin23,
Going Home,Yes,http://www.reddit.com/r/JakeAndAmirScripts/comments/1aaeav/jake_and_amir_going_home/,,PBdolphin23,
Gym,Yes,http://www.reddit.com/r/JakeAndAmirScripts/comments/1b9isq/jake_and_amir_gym/,,PBdolphin23,
Half Birthday,Yes,http://www.reddit.com/r/JakeAndAmirScripts/comments/1b2k2v/jake_and_amir_half_birthday/,,PBdolphin23,
Interpreters,Yes,http://www.reddit.com/r/JakeAndAmirScripts/comments/1bb7vm/jake_and_amir_interpreters/,,PBdolphin23,
Interpreters 2 (Cheer Up),Yes,http://www.reddit.com/r/JakeAndAmirScripts/comments/1bb5y9/jake_and_amir_interpreters_2_cheer_up/,,PBdolphin23,
Interpreters 3 (For the Wind),Yes,http://www.reddit.com/r/JakeAndAmirScripts/comments/1bdm4k/jake_and_amir_interpreters_3_for_the_wind/,,PBdolphin23,
Interpreters 4 (In Da Club),Yes,http://www.reddit.com/r/JakeAndAmirScripts/comments/1bdjzf/jake_and_amir_interpreters_4_in_da_club/,,PBdolphin23,
Jake's Birthday,Yes,http://www.reddit.com/r/JakeAndAmirScripts/comments/1ai78j/jake_and_amir_jakes_birthday/,,PBdolphin23,
Jake's Birthday Part 2,Yes,http://www.reddit.com/r/JakeAndAmirScripts/comments/1an7ys/jake_and_amir_jakes_birthday_part_2/,,PBdolphin23,
Jake's Birthday Part 3,Yes,http://www.reddit.com/r/JakeAndAmirScripts/comments/1aopj2/jake_and_amir_jakes_birthday_part_3/,,PBdolphin23,
Jake's Gift,Yes,http://www.reddit.com/r/JakeAndAmirScripts/comments/1babiq/jake_and_amir_jakes_gift/,,PBdolphin23,
Journal,Yes,http://www.reddit.com/r/JakeAndAmirScripts/comments/1b8qhx/jake_and_amir_journal/,,PBdolphin23,
Labor Day,Yes,http://www.reddit.com/r/JakeAndAmirScripts/comments/19yh4h/jake_and_amir_labor_day/,,PBdolphin23,
Las Vegas,Yes,http://www.reddit.com/r/JakeAndAmirScripts/comments/1b4kl8/jake_and_amir_las_vegas/,,PBdolphin23,
Last Night (the prequel),Yes,http://www.reddit.com/r/JakeAndAmirScripts/comments/1bh3mi/jake_and_amir_last_night_the_prequel/,,PBdolphin23,
Letter,Yes,http://www.reddit.com/r/JakeAndAmirScripts/comments/1b742g/jake_and_amir_letter/,,PBdolphin23,
Locked Out,Yes,http://www.reddit.com/r/JakeAndAmirScripts/comments/1b8rvh/jake_and_amir_locked_out/,,PBdolphin23,
Micah,Yes,http://www.reddit.com/r/JakeAndAmirScripts/comments/1c4qdy/jake_and_amir_micah/,,PBdolphin23,
Movie Pitches,Yes,http://www.reddit.com/r/JakeAndAmirScripts/comments/1c2bnf/jake_and_amir_movie_pitches/,,PBdolphin23,
My Super Not Chill Ghost Roommate Ep. 1,Yes,http://www.reddit.com/r/JakeAndAmirScripts/comments/1ab4d6/my_super_not_chill_ghost_roommate_ep_1/,lol,PBdolphin23,
My Super Not Chill Ghost Roommate Ep. 2,Yes,http://www.reddit.com/r/JakeAndAmirScripts/comments/1ab6s6/my_super_not_chill_ghost_roommate_ep_2/,,PBdolphin23,
New Apartment,Yes,http://www.reddit.com/r/JakeAndAmirScripts/comments/19yfoe/jake_and_amir_new_apartment/,,PBdolphin23,
Pick Up,Yes,http://www.reddit.com/r/JakeAndAmirScripts/comments/1abchj/jake_and_amir_pick_up/,,PBdolphin23,
Reading,Yes,http://www.reddit.com/r/JakeAndAmirScripts/comments/1b2ply/jake_and_amir_reading/,,PBdolphin23,
Roulette,Yes,http://www.reddit.com/r/JakeAndAmirScripts/comments/1be6oc/jake_and_amir_roulette/,,PBdolphin23,
Screen Name 2,Yes,http://www.reddit.com/r/JakeAndAmirScripts/comments/19y60n/jake_and_amir_screen_name_2/,,PBdolphin23,
Set Me Up,Yes,http://www.reddit.com/r/JakeAndAmirScripts/comments/1b7xxl/jake_and_amir_set_me_up/,,PBdolphin23,
Shampoo,Yes,http://www.reddit.com/r/JakeAndAmirScripts/comments/19yzlm/jake_and_amir_shampoo/,,PBdolphin23,
Staycation,Yes,http://www.reddit.com/r/JakeAndAmirScripts/comments/1b7fkd/jake_and_amir_staycation/,,PBdolphin23,
Storm,Yes,http://www.reddit.com/r/JakeAndAmirScripts/comments/1b4et1/jake_and_amir_storm/,,PBdolphin23,
Test Results,Yes,http://www.reddit.com/r/JakeAndAmirScripts/comments/1a58vy/jake_and_amir_test_results/,,PBdolphin23,
That 70's Episode,Yes,http://www.reddit.com/r/JakeAndAmirScripts/comments/1b8tgy/jake_and_amir_that_70s_episode/,,PBdolphin23,
Tickets,Yes,http://www.reddit.com/r/JakeAndAmirScripts/comments/1b7vg3/jake_and_amir_tickets/,,PBdolphin23,
Togetherness begins... (BACARDI),Yes,http://www.reddit.com/r/JakeAndAmirScripts/comments/1bfwlb/jake_and_amir_bacardi_project_togetherness_begins/,,PBdolphin23,
Truth or Dare,Yes,http://www.reddit.com/r/JakeAndAmirScripts/comments/1aaxmg/jake_and_amir_truth_or_dare/,,PBdolphin23,
Typewriter,Yes,http://www.reddit.com/r/JakeAndAmirScripts/comments/1b7cab/jake_and_amir_typewriter/,,PBdolphin23,
Understudy,Yes,http://www.reddit.com/r/JakeAndAmirScripts/comments/1b24uy/jake_and_amir_understudy/,,PBdolphin23,
Video Brainstorm,Yes,http://www.reddit.com/r/JakeAndAmirScripts/comments/1b9f9g/jake_and_amir_video_brainstorm/,,PBdolphin23,
Vinny,Yes,http://www.reddit.com/r/JakeAndAmirScripts/comments/19ycu2/jake_and_amir_vinny/,,PBdolphin23,
Webby PSA (Directed by David Fishel),Yes,http://www.reddit.com/r/JakeAndAmirScripts/comments/1bdwox/jake_and_amir_webby_psa/,,PBdolphin23,
I.T. Guy,Yes,http://www.reddit.com/r/JakeAndAmirScripts/comments/19xvno/jake_and_amir_it_guy/,,phicks8,
Doobs Part 3 (with Thomas Middleditch),Yes,http://www.reddit.com/r/JakeAndAmirScripts/comments/19xde4/jake_and_amir_doobs_3/,,powmj,
T-Shirt,Yes,http://www.reddit.com/r/JakeAndAmirScripts/comments/19x9kf/jake_and_amir_tshirt/,,powmj,
Toothbrush,Yes,http://www.reddit.com/r/JakeAndAmirScripts/comments/19yq6p/jake_and_amir_toothbrush/,,powmj,
Girlfriend Pt. 8 (Funeral),Yes,http://www.reddit.com/r/JakeAndAmirScripts/comments/1b7p5w/jake_and_amir_girlfriend_pt_8/,,Purplemustache,
Vote!,Yes,http://www.reddit.com/r/JakeAndAmirScripts/comments/1b74cq/jake_and_amir_vote/,,"qweasdzxc3000
",
Food Poisoning,Yes,http://www.reddit.com/r/JakeAndAmirScripts/comments/19wlkq/jake_and_amir_food_poisoning/,,rapplen,
Rick Fox,Yes,http://www.reddit.com/r/JakeAndAmirScripts/comments/19wlgn/jake_and_amir_rick_fox_1/,,Redditor923,
March Madness Pt. 3,Yes,http://www.reddit.com/r/JakeAndAmirScripts/comments/1baj65/jake_and_amir_march_madness_pt_3/,,rohanvarma18,
Wake Up,Yes,http://www.reddit.com/r/JakeAndAmirScripts/comments/1bax34/jake_and_amir_wake_up/,,rohanvarma18,
Amir's Birthday,Yes,http://www.reddit.com/r/JakeAndAmirScripts/comments/1a9t9c/jake_and_amir_amirs_birthday/,,rollored,
Corduroy Pants,Yes,http://www.reddit.com/r/JakeAndAmirScripts/comments/19ys0j/jake_and_amir_corduroy_pants/,,rollored,
Crush It! (featuring Gary Vaynerchuk),Yes,http://www.reddit.com/r/JakeAndAmirScripts/comments/1a0djs/jake_and_amir_crush_it/,,rollored,
Girlfriend Pt. 5 (Cookies),Yes,http://www.reddit.com/r/JakeAndAmirScripts/comments/1ac7vr/jake_and_amir_girlfriend_pt5_cookies/,,rollored,
Girls,Yes,http://www.reddit.com/r/JakeAndAmirScripts/comments/1a1us8/jake_and_amir_girls/,,rollored,
"Good Cop, Bad Cop",Yes,http://www.reddit.com/r/JakeAndAmirScripts/comments/1a1r1v/jake_and_amir_good_cop_bad_cop/,,rollored,
Halloween Costumes,Yes,http://www.reddit.com/r/JakeAndAmirScripts/comments/1a0o02/jake_and_amir_halloween_costumes/,,rollored,
Julia Nunes (of JuliaNunes.com fame),Yes,http://www.reddit.com/r/JakeAndAmirScripts/comments/1a0ovh/jake_and_amir_julia_nunes/,,rollored,
Nerd,Yes,http://www.reddit.com/r/JakeAndAmirScripts/comments/1a095u/jake_and_amir_nerd/,,rollored,
New Girlfriend,Yes,http://www.reddit.com/r/JakeAndAmirScripts/comments/19wkqq/jake_and_amir_new_girlfriend/,,rollored,
New Years Resolution,Yes,http://www.reddit.com/r/JakeAndAmirScripts/comments/1afxvx/jake_and_amir_new_years_resolution/,,rollored,
On the Phone,Yes,http://www.reddit.com/r/JakeAndAmirScripts/comments/19yqjl/jake_and_amir_on_the_phone/,,rollored,
Oscar Pool II,Yes,http://www.reddit.com/r/JakeAndAmirScripts/comments/19zau5/jake_and_amir_oscar_pool_ii/,,rollored,
Poker,Yes,http://www.reddit.com/r/JakeAndAmirScripts/comments/1a79ix/jake_and_amir_poker/,,rollored,
Sick Day Part 3 (Goodbye),Yes,http://www.reddit.com/r/JakeAndAmirScripts/comments/1a1u03/jake_and_amir_sick_day_part_3_goodbye/,,rollored,
Sunday Football,Yes,http://www.reddit.com/r/JakeAndAmirScripts/comments/1af0hl/jake_and_amir_sunday_football/,,rollored,
Wardrobe,Yes,http://www.reddit.com/r/JakeAndAmirScripts/comments/1ac90y/jake_and_amir_wardrobe/,,rollored,
FIAT Roadtrip 2,Yes,http://www.reddit.com/r/JakeAndAmirScripts/comments/1bfzu2/jake_and_amir_fiat_road_trip_2/,,rpawesome10,
Sneaky,Yes,http://www.reddit.com/r/JakeAndAmirScripts/comments/1b779o/sneaky_jake_and_amir/,,sarahpaulll,
"100,000 Facebook Fans Thank You Video",Yes,http://www.reddit.com/r/JakeAndAmirScripts/comments/1bjm6o/100000_facebook_fans_thank_you_video/,,schmerpin,# of unique users contributed
2 Months 2 Million Interview,Yes,http://www.reddit.com/r/JakeAndAmirScripts/comments/1c5wq1/jake_and_amir_2_months_2_million_interview/,,schmerpin,# not yet started/claimed
Are We Okay?,Yes,http://www.reddit.com/r/JakeAndAmirScripts/comments/19y355/jake_and_amir_are_we_okay/,,schmerpin,
Baby Bjorn,Yes,http://www.reddit.com/r/JakeAndAmirScripts/comments/1b2oal/jake_and_amir_baby_bjorn/,,schmerpin,
Brown Teepee,Yes,http://www.reddit.com/r/JakeAndAmirScripts/comments/1a018s/jake_and_amir_brown_teepee/,,schmerpin,
Consoling,Yes,http://www.reddit.com/r/JakeAndAmirScripts/comments/1b7v2h/jake_and_amir_consoling/,,schmerpin,
Crabs (By Mike and Stefan),Yes,http://www.reddit.com/r/JakeAndAmirScripts/comments/1b7g1t/jake_and_amir_crabs_by_mike_and_stefan/,,schmerpin,
Fur,Yes,http://www.reddit.com/r/JakeAndAmirScripts/comments/1bjf2i/jake_and_amir_fur/,,schmerpin,
Graveyard [Girlfriend Pt. 9],Yes,http://www.reddit.com/r/JakeAndAmirScripts/comments/1bj94d/jake_and_amir_graveyard/,,schmerpin,
High School Play,Yes,http://www.reddit.com/r/JakeAndAmirScripts/comments/19zwlk/jake_and_amir_high_school_play/,,schmerpin,
Jake and Amir Announce Webby Nominees!,Yes,http://www.reddit.com/r/JakeAndAmirScripts/comments/1bn12r/jake_and_amir_announce_webby_nominees/,,schmerpin,
Magic Trick,Yes,http://www.reddit.com/r/JakeAndAmirScripts/comments/1b2ex4/jake_and_amir_magic_trick/,,schmerpin,
Moving,Yes,http://www.reddit.com/r/JakeAndAmirScripts/comments/1aznad/jake_and_amir_moving/,,schmerpin,
Moving Part 2,Yes,http://www.reddit.com/r/JakeAndAmirScripts/comments/1azqfo/jake_and_amir_moving_part_2/,,schmerpin,
Mugging,Yes,http://www.reddit.com/r/JakeAndAmirScripts/comments/19zqob/jake_and_amir_mugging/,,schmerpin,
New Office,Yes,http://www.reddit.com/r/JakeAndAmirScripts/comments/1azvdn/jake_and_amir_new_office/,,schmerpin,
New Office Part 2,Yes,http://www.reddit.com/r/JakeAndAmirScripts/comments/1b7skw/jake_and_amir_new_office_part_2/,,schmerpin,
Prom,Yes,http://www.reddit.com/r/JakeAndAmirScripts/comments/19zcbn/jake_and_amir_prom/,,schmerpin,
Rubik's Cube Pt. 2,Yes,http://www.reddit.com/r/JakeAndAmirScripts/comments/19w9vb/jake_and_amir_rubiks_cube_pt_2/,,schmerpin,
Silent Treatment,Yes,http://www.reddit.com/r/JakeAndAmirScripts/comments/19xddv/jake_and_amir_silent_treatment/,,schmerpin,
Swine Flu,Yes,http://www.reddit.com/r/JakeAndAmirScripts/comments/19xipk/jake_and_amir_swine_flu/,,schmerpin,
Two Live Shows! [Jake and Amir Live in Boston Promo Video],Yes,http://www.reddit.com/r/JakeAndAmirScripts/comments/1bjivh/two_live_shows_jake_and_amir_live_in_boston_promo/,,schmerpin,
"200,000 Facebook Fans Thank You Video",Yes,http://www.reddit.com/r/JakeAndAmirScripts/comments/1ba9n2/110617_200000_facebook_fans_thank_you_video/,,seeegma,0
Ballgame,Yes,http://www.reddit.com/r/JakeAndAmirScripts/comments/1ah9ca/081015_ballgame/,,seeegma,
Baseball,Yes,http://www.reddit.com/r/JakeAndAmirScripts/comments/1c3p4j/080701_baseball/,,seeegma,
Bathroom (Unreleased Episode),Yes,http://www.reddit.com/r/JakeAndAmirScripts/comments/1axbj4/071128_bathroom_unreleased_episode/,,seeegma,
BBYO IC Welcome Video,Yes,http://www.reddit.com/r/JakeAndAmirScripts/comments/1bmz9y/090212_bbyo_ic_welcome_video/,,seeegma,
Birthday Present,Yes,http://www.reddit.com/r/JakeAndAmirScripts/comments/1b0m15/110116_birthday_present/,,seeegma,
Box,Yes,http://www.reddit.com/r/JakeAndAmirScripts/comments/1ap2vr/081007_box/,,seeegma,
Business Ideas,Yes,http://www.reddit.com/r/JakeAndAmirScripts/comments/1ak9fy/110419_business_ideas/,,seeegma,
Christmas,Yes,http://www.reddit.com/r/JakeAndAmirScripts/comments/1axd5y/071225_christmas/,,seeegma,
Club,Yes,http://www.reddit.com/r/JakeAndAmirScripts/comments/1an980/120306_club/,,seeegma,
Community Service,Yes,http://www.reddit.com/r/JakeAndAmirScripts/comments/1ahoqc/090428_community_service/,,seeegma,
Crazy,Yes,http://www.reddit.com/r/JakeAndAmirScripts/comments/1ag46t/080612_crazy/,,seeegma,
Darren,Yes,http://www.reddit.com/r/JakeAndAmirScripts/comments/1ah78v/101216_darren/,,seeegma,
Dating Coach Part 2 (with Ben Schwartz),Yes,http://www.reddit.com/r/JakeAndAmirScripts/comments/1c5kd5/090604_dating_coach_part_2_with_ben_schwartz/,,seeegma,
Dinner Date,Yes,http://www.reddit.com/r/JakeAndAmirScripts/comments/1axfxy/080130_dinner_date/,,seeegma,
Dinner Tonight,Yes,http://www.reddit.com/r/JakeAndAmirScripts/comments/1bc3e4/081106_dinner_tonight/,,seeegma,
Diseases,Yes,http://www.reddit.com/r/JakeAndAmirScripts/comments/1hljaw/jake_and_amir_diseases/,,seeegma,
Drawer,Yes,http://www.reddit.com/r/JakeAndAmirScripts/comments/1ahaih/091201_drawer/,,seeegma,
Earrings,Yes,http://www.reddit.com/r/JakeAndAmirScripts/comments/1a3o6b/111025_earrings/,,seeegma,
Elevators (BACARDI),Yes,http://www.reddit.com/r/JakeAndAmirScripts/comments/1ba90v/110209_elevators_bacardi/,,seeegma,
Embarrassed,Yes,http://www.reddit.com/r/JakeAndAmirScripts/comments/1bb1r5/100511_embarrassed/,,seeegma,
Fiesta Movement Presents J&A Road Trip 5,Yes,http://www.reddit.com/r/JakeAndAmirScripts/comments/1bn1ld/091102_fiesta_movement_presents_ja_road_trip_5/,,seeegma,
Fired Commercial,Yes,http://www.reddit.com/r/JakeAndAmirScripts/comments/1b7ji7/111013_fired_commercial/,,seeegma,
Hang Up,Yes,http://www.reddit.com/r/JakeAndAmirScripts/comments/1a48nb/070731_hang_up/,,seeegma,
High School,Yes,http://www.reddit.com/r/JakeAndAmirScripts/comments/1ba7mm/110414_high_school/,,seeegma,
I.M’s,Yes,http://www.reddit.com/r/JakeAndAmirScripts/comments/1a7tus/081024_ims/,,seeegma,
iPad,Yes,http://www.reddit.com/r/JakeAndAmirScripts/comments/19m9om/100405_ipad_original_script/,,seeegma,
"Jake and Amir on Yahoo!'s ""The 9""",Yes,http://www.reddit.com/r/JakeAndAmirScripts/comments/1axcgg/071221_jake_and_amir_on_yahoos_the_9/,,seeegma,
Karate,Yes,http://www.reddit.com/r/JakeAndAmirScripts/comments/1akdag/110512_karate/,,seeegma,
LOLaid Japan,Yes,http://www.reddit.com/r/JakeAndAmirScripts/comments/1b5eti/110411_lolaid_japan/,,seeegma,
Lonely Island Interiew,Yes,http://www.reddit.com/r/JakeAndAmirScripts/comments/1hlyaw/jake_and_amir_the_lonely_island_interview/,,seeegma,
Lyrics,Yes,http://www.reddit.com/r/JakeAndAmirScripts/comments/1a95yy/071204_lyrics/,,seeegma,
March Madness Part 4,Yes,http://www.reddit.com/r/JakeAndAmirScripts/comments/1b0hwa/110315_march_madness_part_4/,,seeegma,
Nantucket,Yes,http://www.reddit.com/r/JakeAndAmirScripts/comments/1bcbvq/080821_nantucket/,,seeegma,
New Website Design,Yes,http://www.reddit.com/r/JakeAndAmirScripts/comments/1ap57s/080903_new_website_design/,,seeegma,
Online Joke,Yes,http://www.reddit.com/r/JakeAndAmirScripts/comments/1ct6to/080410_online_joke/,,seeegma,
Opinions,Yes,http://www.reddit.com/r/JakeAndAmirScripts/comments/19o2hi/090324_opinions/,,seeegma,
Phone Call,Yes,http://www.reddit.com/r/JakeAndAmirScripts/comments/19mdbc/080103_phone_call/,,seeegma,
Ping Pong,Yes,http://www.reddit.com/r/JakeAndAmirScripts/comments/1ah5ba/101026_ping_pong/,,seeegma,
Push-Up Contest,Yes,http://www.reddit.com/r/JakeAndAmirScripts/comments/1bcd2e/100427_pushup_contest/,,seeegma,
Quitting,Yes,http://www.reddit.com/r/JakeAndAmirScripts/comments/19oc9i/090519_quitting/,,seeegma,
Resolutions,Yes,http://www.reddit.com/r/JakeAndAmirScripts/comments/19o83s/100105_resolutions/,,seeegma,
Resume,Yes,http://www.reddit.com/r/JakeAndAmirScripts/comments/1d7w5k/100909_resume_from_wiki/,,seeegma,
Rick Fox 2,Yes,http://www.reddit.com/r/JakeAndAmirScripts/comments/1b9qd5/110412_rick_fox_2/,,seeegma,
Rolex,Yes,http://www.reddit.com/r/JakeAndAmirScripts/comments/1crmc4/130416_rolex/,,seeegma,
Rollercoaster (of love. (no it's not)),Yes,http://www.reddit.com/r/JakeAndAmirScripts/comments/1a6enw/071109_rollercoaster_of_love_no_its_not/,,seeegma,
Rosie,Yes,http://www.reddit.com/r/JakeAndAmirScripts/comments/1ag7h7/080708_rosie/,,seeegma,
Sarcasm,Yes,http://www.reddit.com/r/JakeAndAmirScripts/comments/19xr4e/090903_sarcasm/,,seeegma,
Sleeping Pills,Yes,http://www.reddit.com/r/JakeAndAmirScripts/comments/1cdfsx/jake_and_amir_sleeping_pills_from_wiki/,,seeegma,
Stuck,Yes,http://www.reddit.com/r/JakeAndAmirScripts/comments/19stvw/090730_stuck/,,seeegma,
Sunglasses,Yes,http://www.reddit.com/r/JakeAndAmirScripts/comments/1cddty/jake_and_amir_sunglasses_from_wiki/,,seeegma,
Taste Test,Yes,http://www.reddit.com/r/JakeAndAmirScripts/comments/1cdd7z/jake_and_amir_taste_test_from_wiki/,,seeegma,
Tattoo,Yes,http://www.reddit.com/r/JakeAndAmirScripts/comments/1ca3ty/070605_tattoo_from_wiki/,,seeegma,
Thanks for Donating,Yes,http://www.reddit.com/r/JakeAndAmirScripts/comments/1a4s5r/100209_thanks_for_donating/,,seeegma,
Treats,Yes,http://www.reddit.com/r/JakeAndAmirScripts/comments/1a3k6v/100610_treats/,,seeegma,
Twitter,Yes,http://www.reddit.com/r/JakeAndAmirScripts/comments/19n5w0/081204_twitter/,,seeegma,
Video Letter to Mom,Yes,http://www.reddit.com/r/JakeAndAmirScripts/comments/1ca2n5/070816_video_letter_to_mom_from_wiki/,,seeegma,
Videogame Competition [Hardly Working],Yes,http://www.reddit.com/r/JakeAndAmirScripts/comments/1bdapo/080520_videogame_competition_hardly_working/,,seeegma,
Vimeo Super Meet-Up Party PSA,Yes,http://www.reddit.com/r/JakeAndAmirScripts/comments/1bc40q/090810_vimeo_super_meetup_party_psa/,,seeegma,
Water,Yes,http://www.reddit.com/r/JakeAndAmirScripts/comments/1b54zw/091229_water/,,seeegma,
Weapons,Yes,http://www.reddit.com/r/JakeAndAmirScripts/comments/1ca1en/070613_weapons_from_wiki/,,seeegma,
Wikileaks,Yes,http://www.reddit.com/r/JakeAndAmirScripts/comments/19o6d0/101214_wikileaks/,,seeegma,
Wingman,Yes,http://www.reddit.com/r/JakeAndAmirScripts/comments/1c5h4n/080605_wingman/,,seeegma,
Wise,Yes,http://www.reddit.com/r/JakeAndAmirScripts/comments/1ca189/120110_wise_from_wiki/,,seeegma,
Yoga,Yes,http://www.reddit.com/r/JakeAndAmirScripts/comments/19xswt/100323_yoga/,,seeegma,
Zombie - (Indiemogul edit),Yes,http://www.reddit.com/r/JakeAndAmirScripts/comments/1bdhua/081027_zombie_bonus_scene_in_the_indiemogul_edit/,,seeegma,
Instant Messages,Yes,http://www.reddit.com/r/JakeAndAmirScripts/comments/19vrtv/jake_and_amir_instant_messages/,,shaqq,
Translator,Yes,http://www.reddit.com/r/JakeAndAmirScripts/comments/1bmnw0/jake_and_amir_translator/,,Sheralino,
Toilet Paper,Yes,http://www.reddit.com/r/JakeAndAmirScripts/comments/1bcbo0/jake_and_amir_toilet_paper/,,ShinRaElectricPower,
Gum,Yes,http://www.reddit.com/r/JakeAndAmirScripts/comments/2c3fhs/jake_and_amir_gum/,,SierraOsca,
Time Saver,Yes,http://www.reddit.com/r/JakeAndAmirScripts/comments/1b71uj/jake_and_amir_time_saver/,,SirCuss,
Shopping,Yes,http://www.reddit.com/r/JakeAndAmirScripts/comments/1b6zyf/jake_and_amir_shopping/,,slinderm,
Girl Advice,Yes,http://www.reddit.com/r/JakeAndAmirScripts/comments/19w6k6/jake_and_amir_girl_advice/,,slycooper2456,
Girlfriend Pt. 6 (Flowers),Yes,http://www.reddit.com/r/JakeAndAmirScripts/comments/1b8ijd/jake_and_amir_girlfriend_pt6_flowers/,,Snowman36,
Gifts,Yes,http://www.reddit.com/r/JakeAndAmirScripts/comments/19wnm3/jake_and_amir_gifts/,,socraincha,
Album,Yes,http://www.reddit.com/r/JakeAndAmirScripts/comments/19z1m8/jake_and_amir_album/,,spk365,
Muscle Tee,Yes,http://www.reddit.com/r/JakeAndAmirScripts/comments/19xrqb/jake_and_amir_muscle_tee/,,spk365,
Parkour,Yes,http://www.reddit.com/r/JakeAndAmirScripts/comments/19xw91/jake_and_amir_parkour/,,spk365,
Survey,Yes,http://www.reddit.com/r/JakeAndAmirScripts/comments/19vvrj/jake_and_amir_survey/,,spk365,
Waitress,Yes,http://www.reddit.com/r/JakeAndAmirScripts/comments/19zek8/jake_and_amir_waitress/,,spk365,
Facebook Redesign,Yes,http://www.reddit.com/r/JakeAndAmirScripts/comments/19trnm/jake_and_amir_facebook_redesign/,,spyman510,
Office Painter Part 2 (The Payment) (with Ben Schwartz),Yes,http://www.reddit.com/r/JakeAndAmirScripts/comments/19ne59/jake_and_amir_office_painter_2/,,spyman510,
Rubik's Cube,Yes,http://www.reddit.com/r/JakeAndAmirScripts/comments/19r7zz/jake_and_amir_rubiks_cube/,,spyman510,
Tipping,Yes,http://www.reddit.com/r/JakeAndAmirScripts/comments/19tp1l/jake_and_amir_tipping/,,spyman510,
Bake Sale,Yes,http://www.reddit.com/r/JakeAndAmirScripts/comments/1b7ny1/jake_and_amir_bake_sale/,,Starwats,
Milk Man Part 2 (with Ben Schwartz),Yes,http://www.reddit.com/r/JakeAndAmirScripts/comments/1bjx91/jake_and_amir_milkman_part_2/,,Steve91,
Blood Donation,Yes,http://www.reddit.com/r/JakeAndAmirScripts/comments/19xxt6/jake_and_amir_blood_donation/,,summer418,
Butt Chugging,Yes,http://www.reddit.com/r/JakeAndAmirScripts/comments/19m38k/jake_and_amir_butt_chugging_xpost_from/,,Take_the_RideX,
Keep Away,Yes,http://www.reddit.com/r/JakeAndAmirScripts/comments/1a02js/jake_and_amir_keep_away/,,Take_the_RideX,
Math,Yes,http://www.reddit.com/r/JakeAndAmirScripts/comments/19l8m3/actual_script_for_jake_and_amir_math_xpost_from/,,Take_the_RideX,
One Almond,Yes,http://www.reddit.com/r/JakeAndAmirScripts/comments/19l8j1/actual_script_to_one_almondxpost_from_rjakeandamir/,,Take_the_RideX,
Trust Fall,Yes,http://www.reddit.com/r/JakeAndAmirScripts/comments/19lxyw/4_jake_and_amir_trust_fall/,,Take_the_RideX,
You're It!,Yes,http://www.reddit.com/r/JakeAndAmirScripts/comments/1a02l8/jake_and_amir_youre_it/,,Take_the_RideX,
Aunt,Yes,http://www.reddit.com/r/JakeAndAmirScripts/comments/1a1gkl/jake_and_amir_aunt/,,teamultraforce,
Last Night,Yes,http://www.reddit.com/r/JakeAndAmirScripts/comments/19nctw/jake_and_amir_last_night_script/,,teamultraforce,
Soda,Yes,http://www.reddit.com/r/JakeAndAmirScripts/comments/19x50j/jake_and_amir_soda/,,teamultraforce,
Itinerary,Yes,http://www.reddit.com/r/JakeAndAmirScripts/comments/19sawj/jake_and_amir_itinerary/,,the_peoples_elbow,
Milk Man Part 1 (With Ben Schwartz),Yes,http://www.reddit.com/r/JakeAndAmirScripts/comments/19tjp7/jake_and_amir_milk_man_part_1_w_ben_schwartz/,,the_peoples_elbow,
Chris Cooley,Yes,http://www.reddit.com/r/JakeAndAmirScripts/comments/1bj0wd/jake_and_amir_chris_cooley/,,TheHugeWhiteGuy,
Basketball Game,Yes,http://www.reddit.com/r/JakeAndAmirScripts/comments/1b8cgx/basketball_game/,,theokc,
Beerd,Yes,http://www.reddit.com/r/JakeAndAmirScripts/comments/1b896x/beerd/,,theokc,
Charity,Yes,http://www.reddit.com/r/JakeAndAmirScripts/comments/1b8dwc/charity/,,theokc,
Jake's Haircut,Yes,http://www.reddit.com/r/JakeAndAmirScripts/comments/1b8bjb/jakes_haircut/,,theokc,
Traffic,Yes,http://www.reddit.com/r/JakeAndAmirScripts/comments/1b8d9l/traffic/,,theokc,
Taxes,Yes,http://www.reddit.com/r/JakeAndAmirScripts/comments/1b7280/jake_and_amir_taxes/,,thesingingdead,
Church,Yes,http://www.reddit.com/r/JakeAndAmirScripts/comments/1b767w/jake_and_amir_church/,,thewildrose,
Cup Trick,Yes,http://www.reddit.com/r/JakeAndAmirScripts/comments/1c2253/jake_and_amir_cup_trick/,,thewildrose,
Kitchen,Yes,http://www.reddit.com/r/JakeAndAmirScripts/comments/1bhk8a/jake_and_amir_kitchen/,,thewildrose,
March Madness Pt. 6,Yes,http://www.reddit.com/r/JakeAndAmirScripts/comments/1b7d7b/jake_and_amir_march_madness_6/,,thewildrose,
Mirror Image,Yes,http://www.reddit.com/r/JakeAndAmirScripts/comments/19zy8r/jake_and_amir_mirror_image/,,thewildrose,
Olympics,Yes,http://www.reddit.com/r/JakeAndAmirScripts/comments/19m008/jake_and_amirolympics/,,thewildrose,
Staycation Pt. 2,Yes,http://www.reddit.com/r/JakeAndAmirScripts/comments/19ydf6/jake_and_amir_staycation_part_2/,,thewildrose,
Rosie's Appointment,Yes,http://www.reddit.com/r/JakeAndAmirScripts/comments/1b7vxo/jake_and_amir_rosies_appointment/,,tj_hollywood,
"75,000 Facebook Fans Thank You Video",Yes,http://www.reddit.com/r/JakeAndAmirScripts/comments/1bbn2l/75000_facebook_fans_thank_you_video/,,todayindexed,0
Chips,Yes,http://www.reddit.com/r/JakeAndAmirScripts/comments/1b828u/jake_and_amir_chips/,,todayindexed,
Jake is Sick,Yes,http://www.reddit.com/r/JakeAndAmirScripts/comments/1b921v/jake_and_amir_jake_is_sick/,,todayindexed,
Obstacle Course (BACARDI),Yes,http://www.reddit.com/r/JakeAndAmirScripts/comments/1b7rix/jake_and_amir_bacardi_project_obstacle_course/,,todayindexed,
Office Bowl (BACARDI),Yes,http://www.reddit.com/r/JakeAndAmirScripts/comments/1b7wlv/jake_and_amir_bacardi_project_office_bowl/,,todayindexed,
Puppet,Yes,http://www.reddit.com/r/JakeAndAmirScripts/comments/1bblbx/jake_and_amir_puppet/,,todayindexed,
App Ideas,Yes,http://www.reddit.com/r/JakeAndAmirScripts/comments/1a930m/jake_and_amir_app_ideas/,,tottle321,
Beeper,Yes,http://www.reddit.com/r/JakeAndAmirScripts/comments/1b7jz6/jake_and_amir_beeper/,,tottle321,
Code,Yes,http://www.reddit.com/r/JakeAndAmirScripts/comments/1adm0n/jake_and_amir_code/,,tottle321,
Costume Party,Yes,http://www.reddit.com/r/JakeAndAmirScripts/comments/19w43e/jake_and_amir_costume_party/,,tottle321,
Driving Home,Yes,http://www.reddit.com/r/JakeAndAmirScripts/comments/1b7f59/jake_and_amir_driving_home/,,tottle321,
H.R. Guy (with Ben Schwartz),Yes,http://www.reddit.com/r/JakeAndAmirScripts/comments/1ae3q9/jake_and_amir_hr_guy_with_ben_schwartz/,,tottle321,
H.R. Guy Part II (with Ben Schwartz),Yes,http://www.reddit.com/r/JakeAndAmirScripts/comments/1aewp5/jake_and_amir_hr_guy_pt_ii_with_ben_schwartz/,,tottle321,
Happy Holidays,Yes,http://www.reddit.com/r/JakeAndAmirScripts/comments/1argu5/jake_and_amir_happy_holidays/,,tottle321,
Headache [Hammer],Yes,http://www.reddit.com/r/JakeAndAmirScripts/comments/1adnxp/jake_and_amir_headache/,,tottle321,
Knives,Yes,http://www.reddit.com/r/JakeAndAmirScripts/comments/19xwie/jake_and_amir_knives/,,tottle321,
Love Letter,Yes,http://www.reddit.com/r/JakeAndAmirScripts/comments/1abj3q/jake_and_amir_love_letter/,,tottle321,
Mountain Hiker Part 2 (with Ben Schwartz),Yes,http://www.reddit.com/r/JakeAndAmirScripts/comments/1ah350/jake_and_amir_mountain_hiker_part_2_with_ben/,,tottle321,
Script Notes,Yes,http://www.reddit.com/r/JakeAndAmirScripts/comments/1ahtpn/jake_and_amir_script_notes/,,tottle321,
Suitcase,Yes,http://www.reddit.com/r/JakeAndAmirScripts/comments/1a8twp/jake_and_amir_suitcase/,,tottle321,
The Moment,Yes,http://www.reddit.com/r/JakeAndAmirScripts/comments/1b9mli/jake_and_amir_the_moment/,,tottle321,
Thighs,Yes,http://www.reddit.com/r/JakeAndAmirScripts/comments/1a9gjr/jake_and_amir_thighs/,,tottle321,
Vote Part 2,Yes,http://www.reddit.com/r/JakeAndAmirScripts/comments/1b80qz/jake_and_amir_vote_part_2/,,tottle321,
Who's the Boss?,Yes,http://www.reddit.com/r/JakeAndAmirScripts/comments/1ahebx/jake_and_amir_whos_the_boss/,,tottle321,
Winter Coat,Yes,http://www.reddit.com/r/JakeAndAmirScripts/comments/1bazus/jake_and_amir_winter_coat/,,tottle321,
Rock Paper Scissors,Yes,http://www.reddit.com/r/JakeAndAmirScripts/comments/19w7p9/jake_and_amir_rock_paper_scissors/,,Traffic_Light,
Vandalism,Yes,http://www.reddit.com/r/JakeAndAmirScripts/comments/1fo2nj/jake_and_amir_vandalism/,,trizzlemanizzle,
Glasses,Yes,http://www.reddit.com/r/JakeAndAmirScripts/comments/1b8a5q/glasses/,,turkeyr,
Internship,Yes,http://www.reddit.com/r/JakeAndAmirScripts/comments/1b88fp/internship/,,turkeyr,
Oh Sheesh Yall,Yes,http://www.reddit.com/r/JakeAndAmirScripts/comments/19wl3a/oh_sheesh_yall/,,turkeyr,
Cheryl Part 2 (starring Allison Williams),Yes,http://www.reddit.com/r/JakeAndAmirScripts/comments/19yl24/jake_and_amir_cheryl_part_2_starring_allison/,,TwoMoreLeft,
Scrapbook,Yes,http://www.reddit.com/r/JakeAndAmirScripts/comments/1b9rbz/jake_and_amir_scrapbook/,,UhHUHJusteen,
Secret Santa,Yes,http://www.reddit.com/r/JakeAndAmirScripts/comments/1b768j/jake_and_amir_secret_santa/,,UhHUHJusteen,
Secret Santa Part 2,Yes,http://www.reddit.com/r/JakeAndAmirScripts/comments/1b7ewf/jake_and_amir_secret_santa_2/,,UhHUHJusteen,
Talent Show,Yes,http://www.reddit.com/r/JakeAndAmirScripts/comments/1bahoa/jake_and_amir_talent_show/,,UhHUHJusteen,
Thanksgiving Feast,Yes,http://www.reddit.com/r/JakeAndAmirScripts/comments/1b9b82/jake_and_amir_feast/,,UhHUHJusteen,
Valentine's Day,Yes,http://www.reddit.com/r/JakeAndAmirScripts/comments/1b87fm/jake_and_amir_valentines_day/,,UhHUHJusteen,
Vest,Yes,http://www.reddit.com/r/JakeAndAmirScripts/comments/1bbsom/jake_and_amir_vest/,,UhHUHJusteen,
Videos,Yes,http://www.reddit.com/r/JakeAndAmirScripts/comments/1bbiyw/jake_and_amir_videos/,,UhHUHJusteen,
Title,Status,Link,,User,Statistics
Private Eye (Part 2) - Starring Ben Schwartz,Yes,http://www.reddit.com/r/JakeAndAmirScripts/comments/19vptg/jake_and_amir_private_eye_part_2_starring_ben/,,viralplatipuss,
Ace,Yes,http://www.reddit.com/r/JakeAndAmirScripts/comments/19w15d/jake_and_amir_ace/,,vlopezv,
Grandma,Yes,http://www.reddit.com/r/JakeAndAmirScripts/comments/1b774p/jake_and_amir_grandma/,,VoluntaryZonkey,
Quick Characters,Yes,http://www.reddit.com/r/JakeAndAmirScripts/comments/19vv7q/jake_and_amir_quick_characters/,,wehehehek,
Celebration,Yes,http://www.reddit.com/r/JakeAndAmirScripts/comments/19wccv/jake_and_amir_celebration/,,Whitts,
BFF,Yes,http://www.reddit.com/r/JakeAndAmirScripts/comments/1bm4jz/bff/,,Wogeel,
Soup Kitchen,Yes,http://www.reddit.com/r/JakeAndAmirScripts/comments/1b7d7q/jake_and_amir_soup_kitchen/,,Xonal,
Nutrition,Yes,http://www.reddit.com/r/JakeAndAmirScripts/comments/19vqy4/nutrition_4142008/,,yodawgiheardulike,
Micah's Facebook,Yes,http://www.reddit.com/r/JakeAndAmirScripts/comments/1b88lv/jake_and_amir_micahs_facebook/,,yourlovelygame,
